icpsr,party_code,vote_1,vote_2,vote_3,vote_4,vote_5,vote_6,vote_7,vote_8,vote_9,vote_10,vote_11,vote_12,vote_13,vote_14,vote_15,vote_16,vote_17,vote_18,vote_19,vote_20,vote_21,vote_22,vote_23,vote_24,vote_25,vote_26,vote_27,vote_28,vote_29,vote_30,vote_31,vote_32,vote_33,vote_34,vote_35,vote_36,vote_37,vote_38,vote_39,vote_40,vote_41,vote_42,vote_43,vote_44,vote_45,vote_46,vote_47,vote_48,vote_49,vote_50,vote_51,vote_52,vote_53,vote_54,vote_55,vote_56,vote_57,vote_58,vote_59,vote_60,vote_61,vote_62,vote_63,vote_64,vote_65,vote_66,vote_67,vote_68,vote_69,vote_70,vote_71,vote_72,vote_73,vote_74,vote_75,vote_76,vote_77,vote_78,vote_79,vote_80,vote_81,vote_82,vote_83,vote_84,vote_85,vote_86,vote_87,vote_88,vote_89,vote_90,vote_91,vote_92,vote_93,vote_94,vote_95
5,13.0,1.0,1.0,1.0,6.0,6.0,6.0,6.0,6.0,6.0,6.0,6.0,6.0,1.0,1.0,6.0,1.0,6.0,6.0,1.0,1.0,9.0,9.0,9.0,9.0,9.0,9.0,9.0,9.0,9.0,9.0,9.0,9.0,9.0,9.0,9.0,9.0,9.0,9.0,9.0,9.0,9.0,9.0,9.0,9.0,9.0,9.0,9.0,9.0,9.0,9.0,9.0,9.0,9.0,9.0,9.0,9.0,9.0,9.0,9.0,9.0,9.0,9.0,9.0,9.0,9.0,9.0,9.0,9.0,9.0,9.0,9.0,6.0,1.0,1.0,9.0,1.0,6.0,6.0,6.0,6.0,6.0,1.0,6.0,6.0,9.0,1.0,1.0,1.0,1.0,6.0,1.0,6.0,9.0,1.0,9.0
87,13.0,1.0,1.0,6.0,6.0,6.0,1.0,6.0,6.0,6.0,6.0,6.0,1.0,6.0,1.0,6.0,1.0,6.0,9.0,1.0,1.0,1.0,6.0,1.0,6.0,6.0,9.0,6.0,1.0,1.0,1.0,6.0,1.0,6.0,9.0,1.0,1.0,9.0,6.0,1.0,6.0,1.0,1.0,6.0,6.0,6.0,1.0,6.0,6.0,6.0,1.0,6.0,1.0,6.0,6.0,6.0,6.0,6.0,1.0,6.0,6.0,1.0,6.0,1.0,1.0,1.0,9.0,1.0,1.0,6.0,6.0,6.0,6.0,6.0,1.0,1.0,9.0,1.0,6.0,6.0,6.0,6.0,1.0,1.0,6.0,9.0,6.0,6.0,1.0,1.0,6.0,1.0,1.0,1.0,6.0,1.0
124,13.0,1.0,1.0,6.0,1.0,1.0,6.0,1.0,6.0,1.0,6.0,6.0,1.0,1.0,6.0,1.0,6.0,1.0,6.0,6.0,1.0,1.0,6.0,1.0,6.0,6.0,6.0,9.0,1.0,1.0,1.0,1.0,1.0,1.0,1.0,6.0,1.0,9.0,9.0,9.0,1.0,9.0,9.0,9.0,9.0,9.0,9.0,9.0,9.0,9.0,9.0,9.0,9.0,9.0,9.0,9.0,9.0,9.0,9.0,9.0,9.0,9.0,9.0,9.0,9.0,9.0,9.0,9.0,9.0,9.0,9.0,9.0,6.0,1.0,6.0,1.0,1.0,6.0,6.0,1.0,1.0,1.0,1.0,6.0,6.0,1.0,9.0,9.0,1.0,1.0,1.0,1.0,1.0,9.0,1.0,1.0
128,1.0,6.0,6.0,6.0,1.0,6.0,1.0,6.0,6.0,6.0,1.0,6.0,6.0,6.0,6.0,6.0,1.0,6.0,6.0,1.0,1.0,1.0,6.0,6.0,1.0,1.0,6.0,6.0,1.0,1.0,1.0,1.0,1.0,6.0,6.0,1.0,1.0,9.0,9.0,9.0,6.0,9.0,6.0,1.0,9.0,9.0,1.0,9.0,9.0,9.0,6.0,1.0,6.0,1.0,1.0,6.0,6.0,1.0,1.0,6.0,6.0,1.0,6.0,1.0,9.0,9.0,6.0,1.0,1.0,6.0,9.0,9.0,1.0,1.0,9.0,6.0,6.0,1.0,1.0,6.0,6.0,1.0,1.0,6.0,9.0,9.0,1.0,6.0,6.0,6.0,1.0,6.0,6.0,9.0,1.0,6.0
225,13.0,1.0,1.0,6.0,6.0,6.0,1.0,6.0,6.0,6.0,6.0,6.0,1.0,1.0,6.0,6.0,1.0,1.0,1.0,1.0,1.0,6.0,6.0,1.0,6.0,6.0,6.0,9.0,1.0,1.0,9.0,6.0,1.0,1.0,1.0,1.0,9.0,9.0,9.0,9.0,1.0,1.0,1.0,1.0,6.0,6.0,1.0,1.0,6.0,6.0,1.0,1.0,6.0,6.0,1.0,6.0,6.0,1.0,1.0,6.0,6.0,1.0,6.0,1.0,1.0,9.0,9.0,1.0,6.0,6.0,6.0,6.0,6.0,1.0,1.0,9.0,1.0,6.0,1.0,1.0,6.0,9.0,1.0,6.0,9.0,9.0,1.0,9.0,1.0,1.0,6.0,1.0,1.0,9.0,9.0,9.0
382,13.0,6.0,6.0,6.0,6.0,6.0,6.0,6.0,6.0,1.0,1.0,1.0,1.0,6.0,6.0,1.0,1.0,1.0,1.0,6.0,1.0,9.0,1.0,6.0,1.0,1.0,1.0,1.0,6.0,6.0,1.0,1.0,1.0,1.0,1.0,1.0,1.0,9.0,1.0,6.0,1.0,6.0,6.0,6.0,6.0,6.0,1.0,1.0,6.0,6.0,1.0,6.0,1.0,1.0,6.0,6.0,1.0,6.0,6.0,6.0,6.0,6.0,6.0,1.0,1.0,9.0,9.0,9.0,9.0,9.0,9.0,9.0,,,,,,,,,,,,,,,,,,,,,,,,
398,13.0,1.0,6.0,6.0,1.0,6.0,1.0,6.0,6.0,9.0,9.0,1.0,1.0,6.0,6.0,1.0,6.0,1.0,9.0,1.0,6.0,1.0,6.0,1.0,6.0,6.0,1.0,1.0,6.0,1.0,6.0,1.0,1.0,6.0,1.0,1.0,1.0,9.0,6.0,1.0,1.0,6.0,9.0,6.0,1.0,6.0,1.0,6.0,6.0,6.0,6.0,1.0,6.0,6.0,1.0,6.0,6.0,6.0,1.0,6.0,6.0,1.0,1.0,1.0,1.0,1.0,9.0,9.0,6.0,6.0,6.0,6.0,9.0,9.0,9.0,1.0,6.0,6.0,6.0,6.0,6.0,1.0,6.0,6.0,6.0,9.0,6.0,6.0,6.0,6.0,9.0,1.0,6.0,9.0,6.0,9.0
417,13.0,1.0,1.0,6.0,6.0,1.0,6.0,1.0,6.0,6.0,6.0,6.0,6.0,6.0,1.0,6.0,1.0,1.0,1.0,1.0,1.0,6.0,6.0,1.0,6.0,6.0,1.0,1.0,6.0,6.0,1.0,1.0,1.0,1.0,6.0,1.0,1.0,6.0,1.0,6.0,1.0,6.0,9.0,9.0,6.0,6.0,1.0,6.0,9.0,1.0,1.0,1.0,1.0,1.0,6.0,1.0,6.0,6.0,6.0,6.0,6.0,1.0,6.0,1.0,1.0,9.0,9.0,9.0,9.0,9.0,9.0,9.0,6.0,1.0,6.0,1.0,1.0,1.0,6.0,1.0,6.0,1.0,6.0,1.0,1.0,9.0,9.0,9.0,9.0,9.0,1.0,6.0,6.0,9.0,1.0,6.0
418,13.0,6.0,6.0,6.0,1.0,6.0,1.0,6.0,1.0,1.0,1.0,1.0,1.0,6.0,6.0,1.0,6.0,6.0,1.0,1.0,1.0,1.0,1.0,6.0,1.0,1.0,6.0,6.0,1.0,1.0,1.0,9.0,1.0,1.0,6.0,9.0,6.0,1.0,1.0,6.0,6.0,1.0,1.0,1.0,6.0,1.0,6.0,6.0,1.0,1.0,1.0,6.0,6.0,6.0,6.0,9.0,1.0,1.0,6.0,6.0,9.0,9.0,6.0,1.0,1.0,1.0,6.0,1.0,1.0,9.0,6.0,6.0,6.0,1.0,1.0,6.0,6.0,1.0,1.0,6.0,6.0,1.0,6.0,1.0,1.0,6.0,6.0,1.0,1.0,9.0,1.0,1.0,6.0,1.0,9.0,9.0
424,13.0,9.0,9.0,9.0,9.0,9.0,9.0,9.0,9.0,9.0,9.0,9.0,9.0,9.0,9.0,9.0,9.0,9.0,9.0,9.0,9.0,9.0,9.0,9.0,9.0,9.0,9.0,1.0,9.0,9.0,9.0,9.0,9.0,9.0,9.0,9.0,6.0,9.0,9.0,9.0,9.0,9.0,9.0,9.0,9.0,9.0,9.0,9.0,9.0,9.0,9.0,9.0,9.0,9.0,9.0,9.0,9.0,9.0,9.0,9.0,9.0,9.0,9.0,9.0,9.0,9.0,9.0,9.0,9.0,6.0,9.0,9.0,9.0,9.0,9.0,9.0,9.0,9.0,9.0,9.0,9.0,9.0,9.0,9.0,9.0,9.0,9.0,9.0,9.0,9.0,9.0,9.0,9.0,9.0,9.0,9.0
481,13.0,1.0,6.0,6.0,1.0,6.0,6.0,6.0,6.0,6.0,6.0,6.0,6.0,6.0,6.0,6.0,1.0,9.0,9.0,9.0,9.0,9.0,9.0,9.0,9.0,9.0,9.0,9.0,9.0,9.0,9.0,9.0,9.0,9.0,9.0,6.0,1.0,9.0,9.0,9.0,9.0,9.0,9.0,9.0,1.0,6.0,1.0,9.0,9.0,9.0,9.0,1.0,6.0,6.0,6.0,1.0,1.0,6.0,1.0,6.0,6.0,9.0,6.0,1.0,1.0,1.0,1.0,6.0,6.0,1.0,6.0,9.0,1.0,9.0,1.0,6.0,6.0,1.0,6.0,1.0,1.0,1.0,1.0,1.0,6.0,6.0,9.0,9.0,6.0,1.0,9.0,1.0,9.0,9.0,9.0,1.0
505,13.0,1.0,1.0,6.0,6.0,6.0,1.0,6.0,1.0,1.0,1.0,1.0,1.0,1.0,6.0,1.0,6.0,6.0,6.0,6.0,6.0,9.0,6.0,1.0,6.0,6.0,1.0,1.0,6.0,1.0,6.0,9.0,1.0,9.0,9.0,1.0,6.0,6.0,6.0,1.0,9.0,1.0,1.0,6.0,6.0,6.0,1.0,1.0,6.0,6.0,9.0,6.0,1.0,1.0,1.0,6.0,1.0,6.0,6.0,6.0,6.0,6.0,1.0,1.0,6.0,1.0,1.0,6.0,6.0,6.0,6.0,6.0,6.0,6.0,1.0,6.0,1.0,1.0,6.0,9.0,6.0,6.0,6.0,6.0,6.0,9.0,1.0,6.0,6.0,1.0,6.0,6.0,1.0,6.0,1.0,1.0
509,13.0,1.0,1.0,1.0,6.0,1.0,6.0,1.0,6.0,6.0,6.0,6.0,1.0,9.0,9.0,9.0,9.0,1.0,1.0,6.0,1.0,6.0,6.0,1.0,1.0,6.0,1.0,1.0,6.0,6.0,1.0,9.0,9.0,9.0,6.0,1.0,6.0,6.0,1.0,6.0,6.0,9.0,1.0,1.0,6.0,6.0,1.0,9.0,1.0,1.0,1.0,6.0,6.0,6.0,6.0,9.0,1.0,1.0,6.0,6.0,6.0,6.0,1.0,6.0,9.0,1.0,9.0,1.0,1.0,1.0,6.0,1.0,6.0,1.0,6.0,6.0,6.0,1.0,6.0,1.0,6.0,1.0,6.0,6.0,9.0,9.0,1.0,1.0,1.0,1.0,1.0,9.0,1.0,6.0,1.0,6.0
530,1.0,1.0,6.0,6.0,1.0,6.0,1.0,6.0,6.0,6.0,1.0,6.0,6.0,6.0,6.0,6.0,1.0,6.0,6.0,1.0,1.0,1.0,6.0,6.0,6.0,6.0,1.0,9.0,6.0,1.0,1.0,1.0,1.0,1.0,1.0,6.0,1.0,9.0,9.0,9.0,1.0,1.0,9.0,6.0,6.0,6.0,1.0,6.0,1.0,1.0,9.0,9.0,9.0,9.0,6.0,1.0,1.0,6.0,6.0,1.0,1.0,6.0,6.0,1.0,1.0,6.0,9.0,9.0,9.0,9.0,9.0,9.0,1.0,1.0,6.0,1.0,6.0,6.0,1.0,1.0,6.0,1.0,1.0,6.0,6.0,9.0,6.0,1.0,1.0,1.0,6.0,6.0,6.0,9.0,9.0,1.0
533,1.0,6.0,9.0,6.0,6.0,6.0,1.0,6.0,6.0,6.0,1.0,6.0,6.0,6.0,6.0,6.0,1.0,6.0,6.0,1.0,1.0,6.0,1.0,6.0,1.0,1.0,6.0,6.0,1.0,6.0,6.0,6.0,1.0,1.0,1.0,6.0,9.0,9.0,6.0,1.0,6.0,1.0,9.0,1.0,1.0,6.0,1.0,6.0,1.0,9.0,6.0,1.0,6.0,6.0,6.0,1.0,6.0,1.0,1.0,1.0,1.0,1.0,1.0,1.0,9.0,9.0,9.0,9.0,9.0,9.0,9.0,9.0,1.0,9.0,6.0,9.0,1.0,6.0,1.0,1.0,1.0,1.0,9.0,6.0,6.0,9.0,6.0,1.0,1.0,6.0,6.0,1.0,6.0,9.0,9.0,9.0
705,1.0,6.0,6.0,6.0,1.0,6.0,1.0,6.0,6.0,6.0,1.0,6.0,6.0,6.0,6.0,6.0,9.0,6.0,6.0,1.0,1.0,6.0,1.0,6.0,1.0,1.0,1.0,1.0,6.0,1.0,1.0,9.0,1.0,6.0,6.0,9.0,1.0,6.0,6.0,1.0,9.0,6.0,9.0,9.0,6.0,6.0,1.0,9.0,9.0,9.0,9.0,9.0,9.0,9.0,9.0,9.0,9.0,9.0,9.0,9.0,9.0,9.0,9.0,9.0,9.0,9.0,9.0,9.0,9.0,9.0,9.0,9.0,1.0,1.0,1.0,9.0,6.0,1.0,9.0,9.0,9.0,1.0,1.0,6.0,9.0,1.0,1.0,6.0,1.0,6.0,1.0,1.0,6.0,9.0,1.0,6.0
755,13.0,1.0,1.0,6.0,6.0,1.0,6.0,6.0,6.0,6.0,6.0,6.0,1.0,1.0,6.0,6.0,6.0,9.0,9.0,6.0,9.0,9.0,9.0,6.0,6.0,6.0,6.0,6.0,1.0,1.0,1.0,1.0,1.0,1.0,1.0,1.0,1.0,9.0,9.0,6.0,1.0,1.0,6.0,6.0,1.0,9.0,1.0,6.0,6.0,1.0,6.0,1.0,6.0,6.0,6.0,1.0,6.0,9.0,1.0,1.0,1.0,1.0,1.0,1.0,1.0,1.0,6.0,6.0,1.0,1.0,6.0,9.0,6.0,6.0,6.0,1.0,1.0,9.0,6.0,1.0,1.0,1.0,1.0,6.0,6.0,6.0,6.0,1.0,6.0,1.0,6.0,1.0,6.0,1.0,9.0,1.0
767,13.0,1.0,1.0,6.0,1.0,1.0,6.0,1.0,6.0,1.0,1.0,1.0,1.0,1.0,1.0,1.0,6.0,6.0,6.0,1.0,9.0,6.0,6.0,1.0,6.0,6.0,6.0,6.0,1.0,6.0,1.0,9.0,1.0,6.0,6.0,1.0,6.0,9.0,6.0,1.0,1.0,1.0,1.0,6.0,6.0,6.0,1.0,1.0,6.0,6.0,9.0,6.0,1.0,1.0,1.0,6.0,1.0,6.0,6.0,6.0,6.0,6.0,6.0,9.0,1.0,1.0,6.0,1.0,9.0,6.0,9.0,9.0,,,,,,,,,,,,,,,,,,,,,,,,
864,13.0,1.0,6.0,1.0,6.0,1.0,6.0,6.0,6.0,6.0,6.0,1.0,6.0,6.0,1.0,6.0,1.0,1.0,1.0,1.0,1.0,9.0,1.0,6.0,1.0,1.0,1.0,1.0,6.0,6.0,1.0,1.0,1.0,1.0,6.0,1.0,1.0,6.0,1.0,6.0,9.0,6.0,6.0,1.0,6.0,6.0,6.0,1.0,6.0,6.0,9.0,1.0,6.0,6.0,1.0,6.0,1.0,1.0,6.0,1.0,1.0,1.0,6.0,1.0,1.0,1.0,6.0,1.0,1.0,6.0,6.0,6.0,6.0,1.0,1.0,6.0,6.0,1.0,9.0,6.0,6.0,1.0,1.0,1.0,1.0,1.0,1.0,6.0,6.0,6.0,1.0,1.0,6.0,1.0,1.0,6.0
1119,13.0,1.0,6.0,1.0,6.0,1.0,6.0,1.0,6.0,6.0,6.0,6.0,6.0,6.0,1.0,6.0,6.0,6.0,6.0,9.0,1.0,1.0,6.0,1.0,6.0,6.0,1.0,1.0,6.0,6.0,1.0,1.0,1.0,6.0,6.0,1.0,6.0,6.0,1.0,6.0,1.0,1.0,9.0,1.0,6.0,6.0,1.0,1.0,6.0,6.0,9.0,6.0,6.0,6.0,6.0,6.0,1.0,1.0,6.0,6.0,6.0,6.0,6.0,6.0,1.0,1.0,9.0,6.0,1.0,9.0,6.0,6.0,1.0,1.0,9.0,6.0,6.0,1.0,6.0,6.0,6.0,1.0,6.0,6.0,1.0,1.0,1.0,6.0,1.0,6.0,1.0,9.0,6.0,6.0,1.0,6.0
1171,13.0,9.0,9.0,9.0,9.0,9.0,9.0,9.0,9.0,9.0,9.0,9.0,9.0,9.0,9.0,9.0,9.0,9.0,9.0,9.0,9.0,9.0,9.0,9.0,9.0,9.0,9.0,9.0,9.0,9.0,9.0,9.0,9.0,9.0,9.0,9.0,9.0,9.0,9.0,9.0,9.0,9.0,9.0,9.0,9.0,9.0,9.0,9.0,9.0,9.0,9.0,9.0,9.0,9.0,9.0,9.0,9.0,9.0,9.0,9.0,9.0,9.0,9.0,9.0,9.0,9.0,9.0,9.0,9.0,9.0,9.0,9.0,9.0,9.0,9.0,9.0,9.0,9.0,9.0,9.0,9.0,9.0,9.0,9.0,9.0,9.0,9.0,9.0,9.0,9.0,9.0,9.0,9.0,9.0,9.0,9.0
1186,1.0,1.0,6.0,1.0,6.0,1.0,6.0,1.0,6.0,6.0,6.0,6.0,6.0,6.0,6.0,6.0,1.0,1.0,1.0,1.0,1.0,1.0,6.0,1.0,6.0,6.0,6.0,6.0,1.0,1.0,1.0,1.0,1.0,1.0,1.0,1.0,6.0,9.0,1.0,6.0,1.0,6.0,1.0,1.0,6.0,1.0,6.0,6.0,1.0,1.0,9.0,6.0,6.0,6.0,6.0,1.0,1.0,1.0,6.0,6.0,9.0,6.0,6.0,6.0,1.0,9.0,9.0,9.0,9.0,9.0,9.0,9.0,6.0,1.0,6.0,1.0,1.0,6.0,6.0,1.0,6.0,9.0,6.0,6.0,1.0,6.0,1.0,6.0,1.0,9.0,9.0,6.0,6.0,6.0,1.0,9.0
1308,13.0,1.0,6.0,6.0,1.0,6.0,1.0,6.0,1.0,1.0,1.0,1.0,1.0,6.0,6.0,1.0,6.0,9.0,1.0,1.0,1.0,6.0,1.0,6.0,1.0,1.0,1.0,9.0,6.0,6.0,1.0,1.0,1.0,1.0,6.0,1.0,6.0,9.0,1.0,6.0,9.0,1.0,6.0,1.0,6.0,1.0,6.0,6.0,1.0,1.0,1.0,6.0,6.0,6.0,9.0,9.0,1.0,1.0,1.0,1.0,9.0,9.0,1.0,1.0,9.0,6.0,6.0,1.0,1.0,1.0,1.0,9.0,1.0,1.0,6.0,6.0,6.0,1.0,1.0,1.0,6.0,1.0,6.0,1.0,1.0,1.0,6.0,1.0,1.0,6.0,1.0,6.0,6.0,9.0,1.0,6.0
1319,13.0,6.0,1.0,6.0,6.0,6.0,6.0,1.0,1.0,1.0,6.0,6.0,1.0,9.0,9.0,9.0,9.0,6.0,1.0,9.0,6.0,1.0,6.0,1.0,6.0,6.0,6.0,6.0,1.0,1.0,9.0,6.0,1.0,1.0,1.0,1.0,1.0,1.0,9.0,9.0,9.0,1.0,1.0,9.0,6.0,6.0,1.0,1.0,6.0,6.0,1.0,6.0,1.0,1.0,1.0,6.0,1.0,6.0,6.0,6.0,6.0,6.0,6.0,1.0,1.0,1.0,9.0,9.0,1.0,6.0,9.0,9.0,6.0,6.0,9.0,9.0,9.0,9.0,9.0,9.0,9.0,9.0,9.0,6.0,6.0,6.0,1.0,6.0,9.0,9.0,6.0,9.0,1.0,6.0,6.0,1.0
1342,13.0,1.0,6.0,6.0,9.0,6.0,6.0,6.0,6.0,6.0,6.0,6.0,6.0,6.0,6.0,6.0,1.0,1.0,9.0,1.0,1.0,1.0,6.0,6.0,6.0,6.0,1.0,1.0,6.0,1.0,9.0,1.0,1.0,9.0,6.0,6.0,1.0,6.0,1.0,1.0,9.0,1.0,1.0,6.0,1.0,1.0,6.0,1.0,9.0,6.0,1.0,6.0,6.0,6.0,1.0,6.0,1.0,1.0,6.0,6.0,1.0,6.0,1.0,6.0,6.0,6.0,9.0,9.0,9.0,6.0,9.0,9.0,6.0,1.0,1.0,6.0,6.0,1.0,6.0,9.0,6.0,1.0,9.0,1.0,9.0,6.0,9.0,9.0,1.0,6.0,9.0,9.0,9.0,9.0,9.0,9.0
1431,13.0,1.0,6.0,6.0,1.0,1.0,1.0,1.0,6.0,6.0,1.0,1.0,9.0,6.0,6.0,6.0,1.0,6.0,6.0,1.0,1.0,1.0,1.0,6.0,1.0,1.0,9.0,9.0,9.0,1.0,1.0,1.0,1.0,1.0,1.0,1.0,1.0,9.0,6.0,1.0,1.0,1.0,1.0,1.0,6.0,6.0,1.0,1.0,6.0,6.0,1.0,6.0,1.0,6.0,6.0,6.0,1.0,6.0,6.0,6.0,6.0,6.0,6.0,6.0,1.0,1.0,1.0,6.0,6.0,6.0,9.0,6.0,1.0,1.0,1.0,6.0,6.0,1.0,6.0,6.0,6.0,9.0,1.0,6.0,6.0,6.0,1.0,6.0,6.0,1.0,6.0,1.0,6.0,1.0,1.0,1.0
1460,13.0,1.0,1.0,6.0,6.0,1.0,6.0,1.0,6.0,6.0,6.0,6.0,6.0,1.0,6.0,6.0,1.0,1.0,1.0,6.0,1.0,9.0,6.0,1.0,6.0,6.0,6.0,6.0,1.0,1.0,1.0,6.0,1.0,1.0,1.0,6.0,6.0,1.0,1.0,6.0,9.0,1.0,1.0,6.0,6.0,6.0,1.0,6.0,1.0,1.0,1.0,6.0,1.0,6.0,6.0,1.0,1.0,6.0,6.0,6.0,6.0,6.0,6.0,1.0,1.0,6.0,6.0,1.0,1.0,1.0,1.0,1.0,6.0,1.0,6.0,6.0,1.0,6.0,6.0,1.0,1.0,1.0,6.0,6.0,6.0,6.0,6.0,1.0,1.0,1.0,1.0,6.0,6.0,6.0,1.0,1.0
1464,13.0,1.0,1.0,6.0,6.0,1.0,6.0,6.0,6.0,6.0,6.0,6.0,6.0,1.0,6.0,6.0,1.0,6.0,9.0,1.0,1.0,6.0,1.0,9.0,1.0,1.0,1.0,1.0,6.0,1.0,6.0,1.0,1.0,1.0,1.0,9.0,1.0,6.0,1.0,6.0,1.0,1.0,6.0,1.0,6.0,1.0,6.0,6.0,6.0,1.0,1.0,6.0,6.0,6.0,6.0,1.0,1.0,6.0,6.0,6.0,1.0,6.0,1.0,1.0,1.0,1.0,6.0,9.0,1.0,6.0,9.0,9.0,6.0,1.0,9.0,9.0,9.0,1.0,6.0,1.0,6.0,1.0,1.0,1.0,1.0,1.0,6.0,1.0,6.0,6.0,9.0,1.0,9.0,6.0,1.0,9.0
1485,13.0,6.0,1.0,6.0,1.0,6.0,1.0,1.0,1.0,1.0,1.0,1.0,1.0,1.0,6.0,1.0,6.0,6.0,6.0,6.0,1.0,1.0,1.0,1.0,1.0,6.0,1.0,1.0,6.0,1.0,1.0,6.0,1.0,6.0,1.0,1.0,6.0,6.0,6.0,1.0,1.0,1.0,6.0,6.0,1.0,6.0,1.0,1.0,6.0,6.0,6.0,1.0,9.0,6.0,1.0,6.0,6.0,6.0,1.0,1.0,9.0,1.0,1.0,1.0,1.0,6.0,6.0,1.0,1.0,6.0,1.0,6.0,6.0,1.0,1.0,1.0,1.0,6.0,6.0,6.0,6.0,9.0,6.0,6.0,6.0,1.0,1.0,6.0,1.0,1.0,1.0,6.0,1.0,6.0,9.0,1.0
1583,13.0,1.0,1.0,1.0,1.0,6.0,1.0,1.0,1.0,1.0,1.0,9.0,1.0,1.0,1.0,1.0,6.0,1.0,1.0,1.0,1.0,6.0,6.0,6.0,6.0,6.0,6.0,6.0,1.0,1.0,1.0,1.0,1.0,1.0,6.0,1.0,6.0,6.0,1.0,6.0,1.0,1.0,1.0,1.0,6.0,1.0,6.0,9.0,1.0,1.0,1.0,6.0,6.0,6.0,1.0,1.0,1.0,1.0,6.0,6.0,1.0,6.0,6.0,6.0,1.0,1.0,6.0,1.0,1.0,1.0,6.0,1.0,1.0,1.0,1.0,1.0,1.0,1.0,6.0,6.0,6.0,1.0,6.0,6.0,1.0,1.0,6.0,1.0,1.0,1.0,6.0,1.0,6.0,6.0,1.0,1.0
1626,13.0,9.0,6.0,6.0,6.0,6.0,6.0,6.0,6.0,6.0,6.0,6.0,6.0,6.0,6.0,6.0,1.0,1.0,1.0,6.0,1.0,1.0,1.0,6.0,1.0,6.0,6.0,6.0,1.0,1.0,1.0,1.0,1.0,6.0,6.0,6.0,6.0,1.0,1.0,6.0,1.0,1.0,1.0,6.0,6.0,6.0,1.0,6.0,1.0,1.0,1.0,6.0,1.0,6.0,6.0,1.0,1.0,6.0,6.0,6.0,6.0,6.0,6.0,1.0,1.0,6.0,6.0,1.0,1.0,1.0,1.0,1.0,6.0,1.0,6.0,1.0,6.0,1.0,6.0,1.0,1.0,1.0,6.0,1.0,1.0,1.0,6.0,1.0,1.0,6.0,1.0,6.0,6.0,6.0,1.0,6.0
1887,13.0,1.0,9.0,6.0,6.0,6.0,6.0,6.0,1.0,1.0,1.0,6.0,1.0,1.0,6.0,1.0,6.0,1.0,1.0,6.0,6.0,1.0,1.0,6.0,1.0,1.0,1.0,1.0,6.0,1.0,1.0,1.0,1.0,6.0,6.0,1.0,6.0,1.0,6.0,1.0,1.0,1.0,1.0,6.0,6.0,6.0,1.0,6.0,1.0,1.0,1.0,6.0,6.0,1.0,6.0,1.0,1.0,6.0,6.0,6.0,6.0,6.0,6.0,6.0,6.0,6.0,6.0,1.0,1.0,1.0,1.0,9.0,6.0,6.0,1.0,6.0,6.0,1.0,6.0,6.0,6.0,9.0,1.0,6.0,9.0,6.0,9.0,9.0,9.0,9.0,6.0,6.0,6.0,1.0,9.0,9.0
1918,1.0,1.0,9.0,1.0,1.0,1.0,1.0,1.0,6.0,6.0,6.0,6.0,6.0,6.0,6.0,6.0,1.0,1.0,6.0,6.0,1.0,9.0,1.0,6.0,1.0,1.0,1.0,1.0,6.0,9.0,9.0,1.0,1.0,9.0,6.0,1.0,1.0,9.0,1.0,6.0,9.0,6.0,9.0,9.0,9.0,9.0,9.0,6.0,6.0,6.0,6.0,6.0,6.0,6.0,1.0,6.0,6.0,6.0,1.0,1.0,6.0,1.0,6.0,1.0,1.0,1.0,1.0,6.0,6.0,6.0,9.0,6.0,9.0,9.0,1.0,9.0,1.0,6.0,1.0,1.0,1.0,1.0,1.0,6.0,6.0,1.0,6.0,1.0,6.0,9.0,1.0,1.0,6.0,6.0,1.0,9.0
1972,13.0,1.0,1.0,1.0,1.0,6.0,1.0,6.0,1.0,1.0,1.0,1.0,1.0,1.0,1.0,1.0,6.0,6.0,1.0,1.0,1.0,6.0,1.0,1.0,1.0,6.0,6.0,6.0,1.0,6.0,6.0,1.0,1.0,9.0,6.0,1.0,6.0,6.0,1.0,6.0,6.0,6.0,6.0,1.0,6.0,6.0,6.0,6.0,6.0,6.0,6.0,6.0,6.0,6.0,6.0,1.0,6.0,1.0,6.0,6.0,9.0,6.0,1.0,1.0,1.0,1.0,9.0,9.0,9.0,9.0,6.0,6.0,1.0,6.0,6.0,6.0,6.0,1.0,6.0,1.0,9.0,1.0,1.0,1.0,1.0,6.0,6.0,1.0,6.0,1.0,1.0,1.0,1.0,6.0,1.0,6.0
1982,13.0,1.0,6.0,1.0,6.0,1.0,6.0,6.0,6.0,6.0,6.0,6.0,6.0,1.0,1.0,6.0,1.0,6.0,6.0,6.0,1.0,9.0,1.0,6.0,1.0,1.0,1.0,1.0,6.0,1.0,1.0,9.0,1.0,1.0,1.0,1.0,1.0,6.0,1.0,6.0,6.0,1.0,9.0,9.0,9.0,9.0,9.0,1.0,1.0,6.0,6.0,6.0,1.0,6.0,1.0,6.0,1.0,1.0,6.0,6.0,6.0,6.0,6.0,6.0,1.0,9.0,6.0,1.0,9.0,9.0,1.0,6.0,6.0,1.0,1.0,1.0,9.0,6.0,1.0,6.0,1.0,1.0,1.0,6.0,6.0,9.0,6.0,1.0,1.0,1.0,1.0,1.0,1.0,6.0,1.0,1.0
2002,13.0,1.0,1.0,6.0,1.0,1.0,6.0,1.0,6.0,1.0,6.0,6.0,1.0,1.0,6.0,1.0,1.0,6.0,6.0,6.0,1.0,6.0,6.0,6.0,6.0,6.0,1.0,1.0,6.0,1.0,1.0,1.0,1.0,6.0,1.0,1.0,1.0,1.0,6.0,1.0,1.0,1.0,1.0,1.0,6.0,1.0,6.0,1.0,6.0,6.0,1.0,6.0,6.0,6.0,1.0,6.0,1.0,1.0,6.0,1.0,1.0,6.0,6.0,1.0,1.0,9.0,6.0,1.0,1.0,6.0,1.0,6.0,9.0,6.0,1.0,1.0,6.0,1.0,6.0,6.0,6.0,1.0,6.0,6.0,6.0,6.0,9.0,6.0,1.0,1.0,6.0,6.0,1.0,9.0,9.0,1.0
2015,13.0,1.0,1.0,6.0,1.0,6.0,6.0,6.0,6.0,6.0,6.0,6.0,1.0,9.0,9.0,9.0,9.0,6.0,6.0,1.0,9.0,1.0,6.0,9.0,6.0,6.0,9.0,1.0,6.0,9.0,1.0,1.0,1.0,6.0,1.0,6.0,6.0,1.0,9.0,6.0,1.0,6.0,1.0,1.0,6.0,6.0,1.0,6.0,1.0,1.0,1.0,6.0,6.0,1.0,6.0,1.0,1.0,6.0,6.0,6.0,1.0,9.0,6.0,1.0,1.0,1.0,1.0,6.0,6.0,1.0,6.0,1.0,1.0,1.0,6.0,1.0,1.0,1.0,6.0,1.0,6.0,1.0,6.0,6.0,1.0,9.0,9.0,1.0,6.0,6.0,1.0,9.0,1.0,9.0,1.0,6.0
2079,13.0,1.0,6.0,6.0,6.0,6.0,6.0,6.0,6.0,6.0,6.0,6.0,6.0,6.0,6.0,6.0,1.0,6.0,6.0,1.0,1.0,9.0,1.0,6.0,1.0,1.0,9.0,,,,,,,,,,,,,,,,,,,,,,,,,,,,,,,,,,,,,,,,,,,,,,,,,,,,,,,,,,,,,,,,,,,,,
2128,13.0,1.0,6.0,6.0,1.0,6.0,1.0,6.0,1.0,1.0,1.0,1.0,1.0,1.0,1.0,1.0,6.0,1.0,1.0,6.0,1.0,6.0,6.0,6.0,1.0,1.0,6.0,6.0,1.0,6.0,1.0,1.0,1.0,6.0,1.0,1.0,6.0,1.0,6.0,1.0,6.0,6.0,1.0,6.0,6.0,6.0,1.0,1.0,6.0,6.0,1.0,6.0,1.0,6.0,6.0,6.0,1.0,6.0,6.0,6.0,6.0,6.0,6.0,6.0,1.0,6.0,6.0,1.0,1.0,6.0,6.0,6.0,6.0,1.0,1.0,6.0,6.0,1.0,6.0,6.0,6.0,1.0,1.0,1.0,6.0,6.0,1.0,6.0,1.0,6.0,6.0,1.0,1.0,6.0,1.0,6.0
2220,13.0,1.0,1.0,1.0,6.0,6.0,6.0,6.0,9.0,6.0,6.0,6.0,1.0,1.0,1.0,9.0,9.0,1.0,1.0,6.0,1.0,9.0,9.0,9.0,9.0,9.0,9.0,9.0,9.0,9.0,9.0,9.0,9.0,9.0,9.0,9.0,1.0,9.0,6.0,1.0,6.0,1.0,1.0,6.0,6.0,6.0,1.0,9.0,9.0,9.0,1.0,6.0,1.0,1.0,1.0,6.0,9.0,6.0,6.0,6.0,6.0,6.0,6.0,1.0,1.0,1.0,6.0,1.0,1.0,6.0,9.0,9.0,6.0,1.0,9.0,9.0,9.0,9.0,9.0,9.0,9.0,9.0,1.0,9.0,9.0,9.0,9.0,9.0,9.0,9.0,9.0,9.0,9.0,9.0,9.0,9.0
2281,13.0,6.0,1.0,6.0,1.0,6.0,6.0,6.0,6.0,6.0,6.0,6.0,6.0,9.0,6.0,6.0,1.0,1.0,6.0,1.0,1.0,6.0,1.0,6.0,1.0,1.0,6.0,6.0,1.0,6.0,6.0,1.0,1.0,1.0,1.0,6.0,1.0,1.0,6.0,1.0,9.0,1.0,6.0,1.0,1.0,6.0,1.0,6.0,1.0,1.0,6.0,6.0,6.0,6.0,6.0,1.0,6.0,1.0,1.0,1.0,1.0,1.0,6.0,1.0,1.0,1.0,1.0,6.0,1.0,1.0,6.0,1.0,1.0,1.0,6.0,1.0,1.0,6.0,6.0,1.0,6.0,1.0,1.0,6.0,6.0,1.0,6.0,1.0,6.0,6.0,1.0,1.0,6.0,6.0,1.0,6.0
2284,13.0,9.0,1.0,1.0,6.0,6.0,6.0,6.0,6.0,6.0,6.0,6.0,6.0,6.0,6.0,6.0,1.0,6.0,6.0,1.0,1.0,6.0,6.0,6.0,6.0,6.0,1.0,1.0,6.0,1.0,1.0,1.0,1.0,1.0,1.0,6.0,1.0,6.0,6.0,1.0,6.0,6.0,1.0,6.0,6.0,6.0,1.0,1.0,1.0,1.0,1.0,6.0,1.0,6.0,6.0,1.0,1.0,6.0,6.0,6.0,6.0,6.0,6.0,6.0,1.0,1.0,6.0,1.0,1.0,1.0,1.0,9.0,1.0,9.0,1.0,6.0,6.0,1.0,1.0,1.0,1.0,1.0,1.0,6.0,6.0,1.0,9.0,1.0,9.0,1.0,9.0,1.0,9.0,9.0,9.0,1.0
2318,1.0,1.0,6.0,1.0,1.0,6.0,6.0,6.0,6.0,6.0,6.0,6.0,6.0,6.0,6.0,6.0,1.0,1.0,1.0,1.0,1.0,6.0,6.0,6.0,6.0,6.0,6.0,6.0,1.0,1.0,1.0,1.0,1.0,1.0,6.0,6.0,6.0,6.0,6.0,1.0,9.0,1.0,6.0,6.0,6.0,6.0,1.0,6.0,1.0,1.0,6.0,6.0,1.0,6.0,6.0,1.0,9.0,9.0,6.0,6.0,6.0,6.0,6.0,1.0,1.0,9.0,6.0,6.0,9.0,9.0,6.0,1.0,1.0,1.0,1.0,1.0,1.0,1.0,6.0,6.0,6.0,1.0,1.0,6.0,9.0,1.0,6.0,1.0,6.0,1.0,1.0,6.0,6.0,6.0,1.0,9.0
2343,13.0,1.0,6.0,1.0,6.0,1.0,6.0,6.0,6.0,6.0,6.0,6.0,6.0,6.0,1.0,6.0,1.0,6.0,6.0,1.0,1.0,6.0,1.0,1.0,1.0,1.0,1.0,1.0,6.0,6.0,1.0,1.0,1.0,6.0,6.0,6.0,6.0,9.0,1.0,6.0,1.0,1.0,1.0,1.0,6.0,6.0,1.0,6.0,1.0,1.0,9.0,9.0,9.0,9.0,9.0,9.0,1.0,1.0,6.0,6.0,6.0,6.0,6.0,6.0,1.0,1.0,6.0,1.0,1.0,1.0,6.0,1.0,1.0,9.0,6.0,9.0,6.0,9.0,6.0,1.0,6.0,1.0,6.0,6.0,1.0,9.0,9.0,9.0,1.0,6.0,1.0,1.0,1.0,1.0,1.0,6.0
2498,13.0,1.0,6.0,1.0,6.0,6.0,6.0,6.0,6.0,1.0,6.0,6.0,1.0,6.0,1.0,1.0,6.0,6.0,9.0,9.0,1.0,1.0,6.0,9.0,6.0,1.0,1.0,1.0,6.0,1.0,6.0,1.0,1.0,6.0,6.0,1.0,6.0,9.0,1.0,6.0,9.0,1.0,1.0,1.0,6.0,6.0,6.0,6.0,6.0,6.0,9.0,9.0,9.0,9.0,9.0,9.0,1.0,1.0,6.0,6.0,6.0,6.0,6.0,6.0,1.0,1.0,6.0,1.0,9.0,1.0,6.0,6.0,6.0,1.0,9.0,9.0,9.0,9.0,6.0,1.0,9.0,1.0,6.0,6.0,1.0,6.0,6.0,6.0,1.0,6.0,6.0,6.0,1.0,1.0,1.0,9.0
2574,1.0,1.0,6.0,6.0,1.0,1.0,1.0,6.0,6.0,1.0,1.0,1.0,6.0,6.0,6.0,6.0,1.0,1.0,1.0,1.0,1.0,6.0,6.0,6.0,6.0,6.0,1.0,1.0,6.0,1.0,9.0,9.0,1.0,9.0,9.0,1.0,1.0,1.0,1.0,6.0,9.0,9.0,6.0,6.0,9.0,9.0,9.0,6.0,6.0,9.0,1.0,1.0,6.0,9.0,6.0,1.0,6.0,1.0,1.0,1.0,6.0,1.0,6.0,1.0,6.0,1.0,6.0,1.0,9.0,1.0,6.0,9.0,1.0,1.0,9.0,1.0,1.0,6.0,6.0,1.0,9.0,9.0,1.0,9.0,1.0,9.0,1.0,6.0,6.0,6.0,9.0,1.0,6.0,1.0,1.0,9.0
2788,13.0,1.0,6.0,6.0,1.0,1.0,1.0,1.0,6.0,6.0,9.0,1.0,6.0,6.0,6.0,6.0,1.0,6.0,6.0,1.0,1.0,6.0,1.0,6.0,1.0,1.0,1.0,9.0,9.0,6.0,6.0,1.0,1.0,1.0,1.0,1.0,6.0,9.0,6.0,6.0,1.0,6.0,1.0,1.0,6.0,6.0,1.0,6.0,1.0,1.0,9.0,6.0,1.0,9.0,6.0,1.0,1.0,9.0,6.0,6.0,6.0,6.0,6.0,9.0,9.0,1.0,6.0,1.0,1.0,1.0,6.0,1.0,1.0,1.0,6.0,1.0,1.0,1.0,1.0,1.0,1.0,9.0,1.0,1.0,6.0,1.0,6.0,1.0,6.0,1.0,1.0,1.0,6.0,6.0,1.0,1.0
2797,1.0,1.0,6.0,6.0,1.0,6.0,6.0,6.0,6.0,6.0,6.0,6.0,6.0,6.0,6.0,6.0,1.0,1.0,1.0,9.0,1.0,9.0,9.0,6.0,1.0,1.0,1.0,1.0,6.0,6.0,6.0,1.0,1.0,1.0,1.0,6.0,1.0,6.0,1.0,6.0,1.0,1.0,1.0,6.0,6.0,6.0,1.0,9.0,1.0,1.0,1.0,6.0,1.0,1.0,6.0,1.0,1.0,6.0,9.0,9.0,6.0,6.0,6.0,1.0,9.0,1.0,9.0,9.0,9.0,9.0,9.0,9.0,1.0,1.0,6.0,1.0,1.0,6.0,6.0,1.0,6.0,9.0,1.0,6.0,6.0,9.0,6.0,1.0,6.0,1.0,1.0,1.0,6.0,6.0,1.0,1.0
2841,13.0,1.0,6.0,6.0,1.0,1.0,1.0,1.0,6.0,6.0,6.0,9.0,6.0,6.0,6.0,6.0,1.0,6.0,6.0,1.0,1.0,6.0,1.0,6.0,1.0,1.0,6.0,6.0,1.0,6.0,6.0,1.0,1.0,1.0,9.0,1.0,1.0,1.0,6.0,1.0,6.0,6.0,1.0,1.0,6.0,1.0,6.0,6.0,1.0,1.0,1.0,6.0,6.0,6.0,6.0,1.0,1.0,1.0,6.0,6.0,1.0,6.0,6.0,1.0,1.0,1.0,6.0,1.0,1.0,1.0,9.0,6.0,1.0,1.0,6.0,6.0,6.0,1.0,1.0,1.0,1.0,9.0,1.0,6.0,6.0,1.0,6.0,1.0,1.0,1.0,6.0,9.0,1.0,6.0,1.0,9.0
2865,13.0,1.0,6.0,6.0,1.0,6.0,1.0,6.0,1.0,1.0,1.0,1.0,1.0,6.0,6.0,1.0,6.0,1.0,1.0,1.0,1.0,1.0,6.0,6.0,1.0,1.0,1.0,1.0,6.0,1.0,6.0,9.0,1.0,6.0,6.0,1.0,6.0,1.0,1.0,6.0,6.0,1.0,1.0,1.0,6.0,6.0,6.0,6.0,1.0,6.0,1.0,6.0,6.0,6.0,6.0,1.0,1.0,1.0,6.0,6.0,6.0,6.0,6.0,6.0,1.0,1.0,1.0,6.0,6.0,1.0,6.0,6.0,1.0,1.0,6.0,6.0,6.0,1.0,6.0,1.0,6.0,1.0,6.0,6.0,1.0,6.0,6.0,1.0,1.0,6.0,1.0,9.0,6.0,9.0,1.0,6.0
2873,1.0,6.0,9.0,9.0,9.0,9.0,9.0,9.0,9.0,9.0,9.0,9.0,9.0,9.0,9.0,9.0,9.0,1.0,1.0,1.0,1.0,6.0,1.0,6.0,1.0,1.0,6.0,6.0,1.0,6.0,1.0,1.0,1.0,9.0,1.0,9.0,9.0,9.0,9.0,9.0,9.0,6.0,9.0,1.0,9.0,6.0,6.0,6.0,1.0,1.0,6.0,6.0,6.0,6.0,6.0,1.0,1.0,1.0,6.0,9.0,1.0,6.0,6.0,1.0,1.0,1.0,1.0,6.0,9.0,9.0,9.0,6.0,1.0,1.0,6.0,9.0,9.0,9.0,9.0,9.0,1.0,1.0,1.0,6.0,1.0,9.0,1.0,1.0,6.0,6.0,9.0,9.0,9.0,6.0,1.0,6.0
2876,13.0,1.0,1.0,6.0,6.0,6.0,6.0,1.0,1.0,1.0,6.0,6.0,1.0,1.0,1.0,1.0,6.0,6.0,6.0,6.0,6.0,1.0,6.0,1.0,6.0,6.0,6.0,6.0,1.0,1.0,1.0,6.0,1.0,6.0,6.0,1.0,1.0,1.0,6.0,1.0,6.0,1.0,1.0,6.0,6.0,6.0,1.0,1.0,6.0,1.0,1.0,6.0,1.0,6.0,1.0,6.0,1.0,6.0,6.0,6.0,6.0,6.0,6.0,1.0,1.0,6.0,1.0,6.0,1.0,6.0,1.0,6.0,6.0,6.0,1.0,1.0,1.0,6.0,6.0,6.0,6.0,6.0,1.0,6.0,6.0,6.0,1.0,6.0,1.0,1.0,6.0,9.0,1.0,9.0,6.0,1.0
3001,13.0,1.0,6.0,6.0,6.0,6.0,6.0,6.0,6.0,6.0,6.0,6.0,6.0,6.0,6.0,9.0,1.0,6.0,6.0,9.0,1.0,6.0,1.0,6.0,1.0,1.0,6.0,9.0,1.0,9.0,6.0,9.0,1.0,9.0,1.0,1.0,9.0,6.0,6.0,9.0,1.0,1.0,1.0,1.0,6.0,1.0,1.0,9.0,9.0,6.0,1.0,6.0,6.0,6.0,6.0,9.0,6.0,6.0,6.0,1.0,1.0,6.0,9.0,1.0,1.0,6.0,6.0,9.0,1.0,6.0,1.0,9.0,6.0,9.0,1.0,9.0,6.0,1.0,1.0,9.0,9.0,9.0,1.0,6.0,9.0,9.0,9.0,9.0,9.0,9.0,9.0,9.0,9.0,9.0,9.0,9.0
3070,13.0,1.0,6.0,6.0,1.0,6.0,1.0,1.0,6.0,1.0,1.0,6.0,1.0,6.0,6.0,6.0,1.0,9.0,9.0,1.0,1.0,6.0,6.0,6.0,9.0,1.0,1.0,1.0,6.0,6.0,1.0,9.0,1.0,6.0,1.0,1.0,1.0,9.0,1.0,6.0,1.0,6.0,1.0,6.0,6.0,6.0,1.0,1.0,6.0,6.0,1.0,6.0,6.0,6.0,1.0,6.0,1.0,6.0,6.0,1.0,1.0,9.0,6.0,1.0,1.0,1.0,1.0,6.0,6.0,6.0,6.0,6.0,1.0,1.0,6.0,1.0,9.0,6.0,6.0,1.0,9.0,1.0,9.0,6.0,1.0,1.0,1.0,6.0,1.0,9.0,9.0,9.0,6.0,6.0,1.0,1.0
3144,13.0,1.0,6.0,1.0,6.0,6.0,6.0,6.0,6.0,6.0,6.0,6.0,6.0,6.0,1.0,6.0,1.0,6.0,6.0,1.0,9.0,1.0,1.0,6.0,1.0,1.0,1.0,1.0,6.0,6.0,1.0,1.0,1.0,1.0,6.0,1.0,6.0,1.0,1.0,6.0,1.0,1.0,1.0,1.0,6.0,6.0,1.0,6.0,1.0,1.0,1.0,6.0,6.0,6.0,6.0,1.0,1.0,1.0,6.0,6.0,6.0,6.0,6.0,6.0,1.0,1.0,9.0,6.0,6.0,1.0,6.0,6.0,1.0,1.0,6.0,9.0,1.0,6.0,1.0,1.0,6.0,1.0,9.0,6.0,1.0,1.0,9.0,9.0,1.0,6.0,1.0,1.0,1.0,6.0,1.0,6.0
3234,13.0,6.0,1.0,6.0,6.0,6.0,1.0,6.0,1.0,1.0,1.0,9.0,1.0,6.0,6.0,1.0,6.0,9.0,6.0,9.0,6.0,1.0,6.0,1.0,6.0,6.0,9.0,9.0,9.0,9.0,9.0,9.0,9.0,9.0,9.0,9.0,9.0,9.0,9.0,9.0,1.0,1.0,1.0,6.0,6.0,6.0,1.0,1.0,6.0,6.0,1.0,6.0,1.0,1.0,6.0,6.0,1.0,6.0,6.0,6.0,9.0,6.0,6.0,6.0,6.0,6.0,6.0,1.0,1.0,6.0,1.0,6.0,6.0,9.0,1.0,6.0,9.0,1.0,1.0,6.0,6.0,9.0,1.0,6.0,6.0,1.0,1.0,6.0,1.0,1.0,9.0,6.0,1.0,6.0,6.0,1.0
3400,13.0,1.0,6.0,6.0,1.0,6.0,6.0,6.0,6.0,6.0,6.0,6.0,6.0,6.0,6.0,6.0,1.0,1.0,6.0,1.0,1.0,6.0,1.0,6.0,1.0,1.0,1.0,1.0,6.0,6.0,6.0,1.0,1.0,6.0,6.0,1.0,1.0,9.0,1.0,6.0,6.0,9.0,6.0,1.0,1.0,6.0,1.0,6.0,1.0,1.0,6.0,1.0,6.0,1.0,9.0,1.0,6.0,1.0,9.0,1.0,9.0,9.0,1.0,9.0,1.0,1.0,1.0,6.0,6.0,1.0,6.0,6.0,1.0,1.0,1.0,6.0,6.0,6.0,9.0,9.0,6.0,1.0,1.0,6.0,6.0,1.0,9.0,1.0,6.0,6.0,1.0,1.0,6.0,6.0,1.0,6.0
3485,13.0,6.0,6.0,6.0,6.0,6.0,1.0,6.0,1.0,1.0,1.0,1.0,1.0,6.0,6.0,1.0,6.0,6.0,1.0,9.0,1.0,9.0,9.0,9.0,9.0,9.0,1.0,1.0,6.0,1.0,1.0,6.0,6.0,6.0,9.0,1.0,9.0,1.0,6.0,1.0,9.0,1.0,9.0,6.0,6.0,6.0,1.0,1.0,6.0,6.0,1.0,6.0,6.0,6.0,9.0,9.0,9.0,9.0,9.0,9.0,9.0,9.0,9.0,9.0,9.0,9.0,9.0,9.0,9.0,9.0,9.0,9.0,6.0,6.0,1.0,1.0,1.0,6.0,6.0,6.0,6.0,6.0,6.0,6.0,6.0,6.0,1.0,6.0,9.0,1.0,9.0,1.0,6.0,9.0,9.0,9.0
3521,1.0,1.0,1.0,6.0,6.0,1.0,6.0,6.0,6.0,6.0,6.0,6.0,6.0,6.0,6.0,6.0,1.0,9.0,9.0,9.0,9.0,9.0,9.0,9.0,9.0,9.0,1.0,1.0,6.0,1.0,1.0,1.0,1.0,1.0,1.0,1.0,1.0,9.0,1.0,6.0,9.0,6.0,1.0,6.0,6.0,1.0,6.0,6.0,6.0,6.0,1.0,6.0,1.0,1.0,1.0,6.0,1.0,1.0,6.0,1.0,1.0,6.0,6.0,1.0,1.0,1.0,9.0,9.0,9.0,9.0,9.0,9.0,6.0,9.0,1.0,6.0,6.0,1.0,9.0,9.0,1.0,1.0,1.0,9.0,1.0,1.0,9.0,9.0,1.0,6.0,1.0,9.0,1.0,6.0,1.0,6.0
3611,13.0,1.0,1.0,1.0,6.0,6.0,6.0,6.0,6.0,6.0,6.0,6.0,6.0,6.0,6.0,9.0,1.0,9.0,9.0,9.0,9.0,9.0,6.0,1.0,6.0,6.0,9.0,1.0,6.0,6.0,6.0,6.0,1.0,1.0,1.0,1.0,6.0,1.0,6.0,1.0,6.0,1.0,1.0,6.0,9.0,6.0,6.0,6.0,6.0,9.0,1.0,6.0,1.0,9.0,1.0,6.0,6.0,6.0,1.0,6.0,6.0,1.0,6.0,6.0,6.0,1.0,9.0,9.0,1.0,6.0,9.0,9.0,6.0,6.0,1.0,6.0,9.0,1.0,6.0,6.0,6.0,6.0,1.0,6.0,6.0,6.0,6.0,6.0,9.0,9.0,6.0,6.0,6.0,9.0,9.0,1.0
3620,13.0,1.0,1.0,6.0,1.0,1.0,6.0,1.0,6.0,1.0,1.0,6.0,1.0,1.0,1.0,1.0,6.0,6.0,6.0,6.0,1.0,1.0,6.0,1.0,6.0,6.0,1.0,1.0,6.0,1.0,6.0,1.0,1.0,6.0,1.0,1.0,1.0,1.0,6.0,1.0,1.0,1.0,9.0,9.0,1.0,6.0,1.0,1.0,6.0,6.0,1.0,6.0,1.0,1.0,6.0,6.0,1.0,6.0,6.0,6.0,6.0,6.0,1.0,1.0,1.0,1.0,6.0,1.0,1.0,6.0,9.0,9.0,9.0,9.0,9.0,9.0,9.0,9.0,6.0,6.0,6.0,1.0,1.0,6.0,6.0,9.0,6.0,6.0,1.0,1.0,6.0,6.0,6.0,1.0,1.0,9.0
3707,13.0,6.0,6.0,6.0,1.0,6.0,6.0,6.0,6.0,6.0,6.0,6.0,6.0,6.0,6.0,6.0,1.0,6.0,9.0,1.0,1.0,6.0,1.0,6.0,1.0,1.0,9.0,1.0,6.0,6.0,1.0,1.0,9.0,6.0,1.0,1.0,1.0,9.0,9.0,9.0,1.0,9.0,6.0,6.0,1.0,6.0,1.0,6.0,6.0,6.0,1.0,1.0,6.0,6.0,1.0,6.0,1.0,6.0,6.0,6.0,1.0,1.0,6.0,1.0,1.0,1.0,1.0,6.0,9.0,9.0,9.0,9.0,1.0,6.0,1.0,1.0,1.0,6.0,9.0,6.0,6.0,1.0,1.0,6.0,6.0,1.0,6.0,1.0,6.0,6.0,9.0,9.0,6.0,9.0,1.0,9.0
3854,13.0,1.0,6.0,1.0,6.0,1.0,6.0,1.0,6.0,6.0,6.0,6.0,6.0,6.0,1.0,6.0,6.0,6.0,6.0,1.0,1.0,1.0,6.0,6.0,6.0,6.0,6.0,9.0,6.0,9.0,1.0,1.0,1.0,1.0,1.0,1.0,6.0,6.0,1.0,6.0,1.0,1.0,9.0,1.0,6.0,6.0,6.0,6.0,6.0,6.0,1.0,6.0,6.0,6.0,6.0,6.0,1.0,1.0,6.0,6.0,6.0,6.0,6.0,6.0,1.0,1.0,9.0,1.0,1.0,6.0,6.0,6.0,6.0,9.0,6.0,6.0,1.0,1.0,6.0,1.0,6.0,1.0,6.0,6.0,1.0,6.0,6.0,6.0,1.0,6.0,1.0,9.0,9.0,9.0,9.0,9.0
3956,13.0,1.0,1.0,6.0,6.0,6.0,6.0,9.0,6.0,1.0,6.0,6.0,1.0,1.0,1.0,6.0,9.0,9.0,9.0,9.0,9.0,6.0,6.0,1.0,6.0,6.0,9.0,6.0,1.0,6.0,6.0,9.0,1.0,6.0,1.0,1.0,1.0,1.0,6.0,9.0,6.0,1.0,1.0,6.0,6.0,6.0,1.0,9.0,9.0,9.0,9.0,9.0,9.0,9.0,9.0,9.0,9.0,9.0,9.0,9.0,9.0,9.0,9.0,9.0,1.0,1.0,9.0,9.0,1.0,9.0,9.0,9.0,9.0,9.0,9.0,1.0,6.0,1.0,6.0,6.0,9.0,9.0,1.0,6.0,6.0,9.0,9.0,9.0,1.0,1.0,6.0,6.0,1.0,1.0,6.0,9.0
4052,13.0,1.0,1.0,6.0,6.0,6.0,6.0,1.0,1.0,1.0,6.0,6.0,1.0,1.0,6.0,1.0,1.0,6.0,6.0,1.0,1.0,6.0,9.0,9.0,9.0,6.0,6.0,9.0,9.0,9.0,1.0,9.0,9.0,9.0,1.0,6.0,1.0,1.0,6.0,1.0,6.0,1.0,1.0,6.0,6.0,6.0,1.0,6.0,1.0,1.0,1.0,6.0,1.0,1.0,6.0,1.0,1.0,6.0,6.0,6.0,6.0,6.0,6.0,6.0,9.0,1.0,6.0,1.0,1.0,1.0,1.0,1.0,6.0,1.0,1.0,1.0,9.0,1.0,6.0,6.0,6.0,1.0,1.0,6.0,6.0,1.0,6.0,1.0,1.0,6.0,6.0,6.0,6.0,1.0,1.0,9.0
4164,13.0,1.0,6.0,6.0,1.0,6.0,6.0,6.0,6.0,6.0,6.0,6.0,6.0,6.0,6.0,6.0,1.0,1.0,9.0,9.0,1.0,1.0,6.0,6.0,6.0,6.0,1.0,1.0,6.0,1.0,1.0,1.0,1.0,1.0,6.0,9.0,6.0,1.0,1.0,9.0,9.0,1.0,1.0,6.0,9.0,6.0,6.0,1.0,1.0,6.0,1.0,6.0,1.0,6.0,6.0,6.0,9.0,6.0,6.0,6.0,6.0,9.0,6.0,9.0,9.0,1.0,6.0,1.0,1.0,6.0,1.0,1.0,6.0,1.0,1.0,6.0,6.0,1.0,6.0,6.0,6.0,1.0,6.0,6.0,9.0,6.0,1.0,9.0,1.0,6.0,1.0,6.0,1.0,9.0,9.0,6.0
4211,13.0,1.0,1.0,1.0,6.0,1.0,6.0,6.0,1.0,6.0,6.0,6.0,6.0,1.0,1.0,6.0,1.0,1.0,6.0,1.0,1.0,9.0,1.0,6.0,1.0,1.0,9.0,1.0,6.0,6.0,6.0,1.0,1.0,1.0,6.0,9.0,6.0,6.0,1.0,6.0,1.0,6.0,1.0,1.0,6.0,1.0,6.0,9.0,6.0,6.0,1.0,6.0,6.0,6.0,6.0,6.0,1.0,6.0,6.0,6.0,6.0,6.0,6.0,6.0,1.0,9.0,6.0,1.0,1.0,6.0,6.0,6.0,6.0,6.0,1.0,6.0,6.0,1.0,6.0,6.0,6.0,1.0,6.0,1.0,1.0,1.0,1.0,6.0,1.0,9.0,1.0,1.0,6.0,9.0,9.0,6.0
4298,1.0,6.0,6.0,1.0,6.0,6.0,6.0,6.0,6.0,6.0,6.0,6.0,6.0,6.0,6.0,6.0,1.0,9.0,9.0,1.0,1.0,9.0,9.0,9.0,9.0,9.0,9.0,9.0,9.0,9.0,9.0,1.0,1.0,6.0,1.0,1.0,1.0,6.0,1.0,6.0,1.0,9.0,1.0,1.0,9.0,6.0,1.0,6.0,1.0,1.0,9.0,6.0,6.0,6.0,6.0,1.0,1.0,1.0,6.0,6.0,9.0,6.0,6.0,1.0,9.0,9.0,1.0,1.0,6.0,1.0,6.0,1.0,1.0,1.0,6.0,1.0,9.0,9.0,6.0,1.0,1.0,1.0,1.0,6.0,1.0,9.0,6.0,1.0,6.0,9.0,1.0,1.0,6.0,6.0,1.0,9.0
4320,13.0,9.0,9.0,1.0,6.0,6.0,6.0,6.0,6.0,9.0,6.0,9.0,6.0,6.0,1.0,6.0,9.0,9.0,9.0,9.0,1.0,9.0,9.0,9.0,9.0,9.0,9.0,6.0,1.0,6.0,1.0,1.0,1.0,1.0,6.0,6.0,6.0,9.0,9.0,9.0,1.0,6.0,1.0,6.0,6.0,6.0,6.0,6.0,1.0,1.0,1.0,6.0,1.0,6.0,6.0,1.0,1.0,6.0,6.0,6.0,6.0,6.0,6.0,6.0,9.0,1.0,6.0,1.0,1.0,1.0,1.0,1.0,,,,,,,,,,,,,,,,,,,,,,,,
4362,13.0,1.0,1.0,6.0,1.0,6.0,1.0,6.0,1.0,9.0,1.0,1.0,1.0,1.0,6.0,1.0,6.0,6.0,6.0,1.0,1.0,6.0,1.0,9.0,1.0,1.0,6.0,6.0,1.0,6.0,9.0,1.0,1.0,1.0,1.0,6.0,9.0,1.0,1.0,6.0,1.0,9.0,9.0,9.0,9.0,9.0,9.0,9.0,9.0,9.0,6.0,9.0,1.0,1.0,9.0,9.0,6.0,6.0,1.0,6.0,6.0,1.0,6.0,1.0,9.0,1.0,1.0,1.0,1.0,9.0,9.0,1.0,1.0,9.0,1.0,9.0,6.0,1.0,1.0,6.0,6.0,1.0,1.0,6.0,6.0,9.0,9.0,9.0,6.0,1.0,1.0,6.0,6.0,6.0,1.0,9.0
4419,13.0,1.0,1.0,6.0,1.0,1.0,6.0,1.0,6.0,6.0,1.0,6.0,6.0,1.0,6.0,6.0,1.0,1.0,1.0,1.0,1.0,6.0,1.0,6.0,1.0,1.0,6.0,6.0,1.0,6.0,9.0,1.0,1.0,1.0,6.0,6.0,6.0,1.0,6.0,1.0,6.0,1.0,1.0,6.0,6.0,6.0,1.0,6.0,1.0,1.0,1.0,6.0,6.0,1.0,6.0,1.0,1.0,6.0,6.0,1.0,6.0,6.0,1.0,1.0,1.0,1.0,6.0,1.0,1.0,1.0,6.0,1.0,1.0,1.0,6.0,6.0,6.0,1.0,1.0,1.0,6.0,1.0,1.0,1.0,6.0,1.0,6.0,1.0,1.0,6.0,6.0,1.0,6.0,6.0,1.0,6.0
4467,13.0,1.0,6.0,6.0,6.0,6.0,6.0,6.0,6.0,6.0,6.0,6.0,6.0,6.0,6.0,6.0,1.0,6.0,1.0,1.0,1.0,1.0,6.0,6.0,9.0,6.0,6.0,6.0,1.0,9.0,1.0,1.0,1.0,1.0,9.0,1.0,1.0,1.0,6.0,1.0,6.0,1.0,1.0,6.0,6.0,9.0,1.0,9.0,1.0,1.0,1.0,6.0,1.0,6.0,6.0,1.0,1.0,6.0,6.0,6.0,6.0,6.0,6.0,1.0,1.0,1.0,1.0,9.0,9.0,6.0,9.0,9.0,1.0,9.0,1.0,9.0,9.0,1.0,6.0,9.0,6.0,1.0,1.0,6.0,6.0,9.0,9.0,1.0,6.0,6.0,6.0,1.0,6.0,6.0,1.0,9.0
4513,13.0,1.0,6.0,6.0,1.0,1.0,1.0,1.0,6.0,9.0,9.0,1.0,9.0,9.0,9.0,9.0,9.0,9.0,9.0,9.0,1.0,1.0,9.0,9.0,1.0,1.0,9.0,9.0,9.0,9.0,6.0,1.0,1.0,6.0,1.0,6.0,1.0,6.0,1.0,6.0,9.0,1.0,9.0,6.0,6.0,6.0,1.0,6.0,1.0,1.0,1.0,6.0,1.0,1.0,1.0,6.0,1.0,6.0,6.0,6.0,6.0,6.0,6.0,6.0,1.0,1.0,6.0,9.0,9.0,9.0,9.0,9.0,1.0,1.0,6.0,1.0,1.0,1.0,1.0,1.0,9.0,1.0,9.0,6.0,1.0,1.0,6.0,1.0,6.0,9.0,1.0,1.0,6.0,6.0,1.0,1.0
4556,13.0,1.0,1.0,6.0,6.0,6.0,6.0,6.0,1.0,1.0,6.0,6.0,1.0,1.0,6.0,1.0,6.0,1.0,6.0,9.0,6.0,1.0,6.0,1.0,6.0,6.0,6.0,6.0,1.0,1.0,1.0,6.0,1.0,1.0,1.0,1.0,1.0,6.0,6.0,1.0,1.0,1.0,6.0,1.0,1.0,1.0,6.0,6.0,9.0,6.0,1.0,6.0,1.0,1.0,9.0,9.0,1.0,1.0,6.0,6.0,1.0,6.0,1.0,1.0,9.0,1.0,6.0,1.0,1.0,1.0,1.0,6.0,9.0,1.0,1.0,9.0,6.0,1.0,6.0,6.0,6.0,6.0,6.0,6.0,6.0,1.0,1.0,9.0,1.0,1.0,9.0,6.0,1.0,1.0,6.0,1.0
4674,13.0,1.0,6.0,1.0,6.0,1.0,6.0,6.0,6.0,6.0,6.0,6.0,6.0,6.0,1.0,6.0,1.0,1.0,6.0,9.0,1.0,9.0,1.0,6.0,1.0,1.0,9.0,9.0,9.0,9.0,1.0,9.0,9.0,9.0,9.0,1.0,1.0,9.0,1.0,6.0,9.0,1.0,1.0,1.0,6.0,1.0,6.0,1.0,1.0,6.0,1.0,6.0,1.0,6.0,1.0,9.0,1.0,1.0,6.0,6.0,1.0,6.0,6.0,6.0,1.0,1.0,6.0,9.0,1.0,1.0,6.0,6.0,6.0,1.0,1.0,1.0,1.0,6.0,1.0,9.0,1.0,1.0,1.0,6.0,1.0,1.0,1.0,1.0,6.0,9.0,1.0,1.0,1.0,6.0,1.0,1.0
4848,13.0,6.0,1.0,6.0,6.0,6.0,6.0,1.0,1.0,1.0,1.0,9.0,9.0,9.0,9.0,9.0,9.0,6.0,6.0,6.0,1.0,1.0,1.0,1.0,1.0,6.0,1.0,1.0,6.0,1.0,6.0,1.0,1.0,1.0,1.0,6.0,6.0,6.0,6.0,1.0,1.0,6.0,1.0,6.0,6.0,6.0,1.0,6.0,1.0,1.0,1.0,6.0,1.0,6.0,6.0,1.0,1.0,6.0,6.0,6.0,6.0,6.0,6.0,6.0,1.0,1.0,9.0,1.0,1.0,1.0,6.0,1.0,6.0,1.0,6.0,1.0,6.0,9.0,9.0,9.0,1.0,1.0,6.0,6.0,6.0,1.0,6.0,1.0,1.0,6.0,6.0,9.0,1.0,6.0,1.0,9.0
4951,13.0,1.0,1.0,1.0,1.0,6.0,6.0,6.0,1.0,1.0,1.0,1.0,1.0,6.0,1.0,1.0,6.0,6.0,6.0,6.0,6.0,9.0,1.0,1.0,1.0,6.0,1.0,1.0,6.0,1.0,6.0,9.0,1.0,6.0,6.0,6.0,9.0,9.0,1.0,6.0,1.0,1.0,1.0,1.0,6.0,6.0,6.0,6.0,1.0,1.0,6.0,6.0,1.0,1.0,9.0,9.0,1.0,1.0,6.0,6.0,1.0,6.0,6.0,6.0,1.0,6.0,6.0,6.0,1.0,1.0,1.0,1.0,6.0,1.0,6.0,6.0,6.0,1.0,1.0,1.0,6.0,9.0,6.0,6.0,1.0,6.0,6.0,1.0,1.0,1.0,9.0,6.0,1.0,6.0,9.0,9.0
4973,13.0,1.0,1.0,6.0,1.0,6.0,6.0,1.0,6.0,1.0,6.0,1.0,1.0,1.0,6.0,1.0,1.0,6.0,6.0,1.0,1.0,1.0,1.0,1.0,1.0,6.0,1.0,1.0,6.0,1.0,1.0,1.0,1.0,1.0,1.0,6.0,6.0,1.0,1.0,6.0,1.0,1.0,1.0,6.0,6.0,6.0,1.0,6.0,1.0,1.0,1.0,6.0,1.0,1.0,6.0,1.0,1.0,6.0,6.0,6.0,6.0,6.0,6.0,6.0,1.0,1.0,9.0,9.0,9.0,9.0,9.0,9.0,6.0,1.0,6.0,1.0,1.0,6.0,1.0,1.0,6.0,1.0,6.0,6.0,1.0,1.0,6.0,1.0,9.0,1.0,6.0,1.0,9.0,9.0,9.0,9.0
5008,13.0,1.0,6.0,6.0,1.0,1.0,1.0,1.0,6.0,6.0,1.0,6.0,6.0,9.0,6.0,6.0,1.0,6.0,6.0,1.0,9.0,6.0,6.0,6.0,6.0,6.0,1.0,1.0,6.0,6.0,1.0,9.0,1.0,1.0,1.0,6.0,9.0,9.0,1.0,9.0,9.0,9.0,9.0,9.0,9.0,9.0,9.0,9.0,9.0,9.0,9.0,9.0,9.0,9.0,6.0,1.0,6.0,6.0,1.0,6.0,6.0,9.0,6.0,1.0,1.0,1.0,1.0,6.0,6.0,6.0,6.0,1.0,6.0,9.0,6.0,1.0,1.0,6.0,6.0,1.0,6.0,9.0,1.0,6.0,9.0,1.0,6.0,1.0,6.0,1.0,1.0,1.0,6.0,6.0,1.0,1.0
5029,13.0,6.0,1.0,6.0,6.0,1.0,6.0,1.0,6.0,6.0,6.0,6.0,6.0,6.0,9.0,1.0,6.0,6.0,6.0,1.0,1.0,9.0,1.0,6.0,9.0,1.0,6.0,6.0,1.0,6.0,6.0,9.0,1.0,1.0,1.0,6.0,6.0,9.0,9.0,9.0,1.0,1.0,6.0,9.0,9.0,9.0,9.0,6.0,1.0,1.0,6.0,1.0,6.0,6.0,6.0,1.0,6.0,9.0,1.0,1.0,1.0,1.0,1.0,1.0,1.0,1.0,6.0,6.0,1.0,1.0,9.0,9.0,9.0,1.0,6.0,1.0,6.0,6.0,1.0,1.0,9.0,9.0,6.0,6.0,6.0,1.0,6.0,1.0,9.0,6.0,6.0,6.0,6.0,6.0,1.0,9.0
5039,13.0,9.0,9.0,6.0,6.0,6.0,1.0,6.0,1.0,1.0,1.0,1.0,1.0,9.0,6.0,9.0,9.0,6.0,6.0,6.0,6.0,1.0,6.0,9.0,6.0,6.0,6.0,6.0,1.0,1.0,6.0,9.0,9.0,9.0,1.0,9.0,9.0,9.0,9.0,9.0,9.0,9.0,9.0,9.0,9.0,9.0,9.0,9.0,9.0,9.0,1.0,6.0,1.0,9.0,6.0,6.0,6.0,1.0,9.0,6.0,6.0,1.0,9.0,1.0,1.0,1.0,1.0,6.0,1.0,6.0,9.0,9.0,6.0,1.0,1.0,1.0,1.0,6.0,1.0,6.0,6.0,9.0,9.0,6.0,9.0,9.0,9.0,9.0,9.0,9.0,9.0,9.0,9.0,9.0,9.0,9.0
5194,13.0,1.0,6.0,6.0,6.0,6.0,6.0,6.0,6.0,6.0,6.0,9.0,9.0,6.0,6.0,6.0,1.0,6.0,6.0,1.0,1.0,1.0,1.0,1.0,1.0,1.0,1.0,1.0,6.0,1.0,6.0,1.0,1.0,1.0,1.0,6.0,9.0,9.0,9.0,1.0,1.0,6.0,1.0,1.0,6.0,6.0,1.0,6.0,1.0,1.0,1.0,6.0,1.0,1.0,6.0,1.0,1.0,6.0,6.0,6.0,6.0,6.0,6.0,6.0,1.0,1.0,1.0,6.0,9.0,9.0,9.0,9.0,6.0,1.0,6.0,1.0,1.0,1.0,6.0,1.0,9.0,1.0,6.0,1.0,6.0,1.0,6.0,1.0,1.0,1.0,6.0,1.0,6.0,6.0,1.0,1.0
5226,13.0,1.0,1.0,1.0,6.0,6.0,6.0,6.0,1.0,1.0,6.0,1.0,1.0,6.0,6.0,1.0,6.0,1.0,1.0,6.0,1.0,1.0,1.0,1.0,1.0,6.0,6.0,6.0,1.0,6.0,1.0,1.0,1.0,9.0,6.0,1.0,6.0,1.0,1.0,6.0,9.0,1.0,1.0,1.0,6.0,1.0,6.0,1.0,6.0,6.0,1.0,6.0,1.0,1.0,6.0,6.0,1.0,1.0,6.0,1.0,1.0,6.0,1.0,6.0,1.0,6.0,9.0,9.0,1.0,9.0,6.0,6.0,1.0,1.0,1.0,6.0,6.0,1.0,1.0,1.0,6.0,1.0,6.0,6.0,6.0,1.0,6.0,1.0,1.0,1.0,9.0,6.0,1.0,9.0,9.0,9.0
5292,1.0,6.0,1.0,1.0,6.0,1.0,6.0,6.0,6.0,6.0,6.0,6.0,6.0,6.0,6.0,6.0,1.0,6.0,6.0,1.0,1.0,1.0,6.0,6.0,6.0,1.0,1.0,1.0,6.0,1.0,6.0,1.0,1.0,1.0,1.0,1.0,6.0,1.0,1.0,6.0,9.0,9.0,6.0,6.0,6.0,6.0,1.0,6.0,1.0,1.0,9.0,9.0,9.0,9.0,6.0,1.0,6.0,6.0,1.0,9.0,6.0,1.0,6.0,1.0,1.0,6.0,6.0,1.0,1.0,1.0,1.0,6.0,6.0,1.0,1.0,1.0,1.0,6.0,9.0,9.0,9.0,1.0,6.0,1.0,6.0,1.0,6.0,1.0,1.0,1.0,9.0,1.0,1.0,9.0,1.0,9.0
5491,1.0,1.0,6.0,6.0,1.0,6.0,1.0,6.0,6.0,6.0,6.0,6.0,6.0,6.0,6.0,6.0,1.0,9.0,9.0,1.0,1.0,1.0,6.0,6.0,6.0,6.0,1.0,1.0,6.0,1.0,1.0,1.0,1.0,6.0,6.0,1.0,6.0,1.0,6.0,1.0,6.0,6.0,1.0,1.0,1.0,6.0,1.0,1.0,6.0,6.0,6.0,1.0,6.0,6.0,1.0,6.0,6.0,1.0,1.0,6.0,6.0,1.0,6.0,1.0,9.0,1.0,9.0,9.0,9.0,9.0,9.0,9.0,1.0,1.0,1.0,6.0,6.0,1.0,6.0,6.0,6.0,1.0,1.0,6.0,9.0,6.0,1.0,6.0,1.0,6.0,1.0,6.0,6.0,1.0,1.0,6.0
5584,13.0,1.0,1.0,6.0,6.0,6.0,6.0,1.0,1.0,6.0,6.0,6.0,6.0,1.0,6.0,6.0,1.0,6.0,6.0,6.0,6.0,6.0,6.0,1.0,6.0,6.0,1.0,1.0,6.0,6.0,1.0,1.0,1.0,6.0,1.0,1.0,6.0,1.0,6.0,1.0,1.0,1.0,6.0,6.0,6.0,6.0,1.0,6.0,1.0,1.0,1.0,6.0,1.0,6.0,6.0,1.0,1.0,6.0,6.0,6.0,6.0,6.0,1.0,1.0,1.0,1.0,6.0,1.0,1.0,1.0,1.0,6.0,6.0,1.0,1.0,1.0,1.0,6.0,6.0,6.0,6.0,1.0,6.0,6.0,6.0,6.0,1.0,6.0,1.0,6.0,6.0,6.0,6.0,6.0,1.0,9.0
5667,13.0,1.0,6.0,6.0,6.0,6.0,6.0,6.0,6.0,6.0,6.0,6.0,6.0,6.0,6.0,6.0,1.0,1.0,6.0,1.0,1.0,6.0,6.0,6.0,6.0,6.0,6.0,6.0,1.0,6.0,1.0,1.0,1.0,6.0,6.0,1.0,6.0,6.0,6.0,1.0,9.0,6.0,9.0,9.0,9.0,9.0,9.0,1.0,6.0,6.0,1.0,6.0,1.0,6.0,6.0,6.0,1.0,6.0,6.0,6.0,6.0,6.0,1.0,6.0,1.0,9.0,6.0,1.0,1.0,6.0,1.0,6.0,6.0,1.0,1.0,1.0,1.0,9.0,6.0,6.0,6.0,1.0,6.0,1.0,6.0,1.0,6.0,6.0,1.0,6.0,6.0,9.0,6.0,6.0,1.0,6.0
5696,13.0,1.0,6.0,1.0,6.0,1.0,6.0,6.0,6.0,6.0,9.0,6.0,6.0,6.0,1.0,6.0,9.0,6.0,6.0,1.0,1.0,1.0,1.0,1.0,1.0,6.0,6.0,6.0,1.0,1.0,1.0,1.0,1.0,1.0,1.0,9.0,6.0,9.0,1.0,6.0,6.0,6.0,1.0,1.0,6.0,6.0,1.0,6.0,6.0,6.0,1.0,6.0,6.0,6.0,6.0,6.0,1.0,1.0,6.0,1.0,1.0,6.0,1.0,6.0,1.0,1.0,6.0,1.0,1.0,6.0,6.0,9.0,6.0,1.0,1.0,9.0,6.0,1.0,6.0,6.0,6.0,1.0,6.0,6.0,6.0,6.0,1.0,6.0,6.0,6.0,1.0,1.0,6.0,6.0,1.0,9.0
5704,13.0,6.0,6.0,1.0,6.0,6.0,6.0,6.0,6.0,6.0,6.0,6.0,6.0,6.0,6.0,6.0,1.0,9.0,9.0,9.0,1.0,6.0,1.0,6.0,1.0,1.0,1.0,1.0,6.0,6.0,1.0,1.0,1.0,9.0,6.0,6.0,1.0,9.0,9.0,9.0,6.0,9.0,9.0,9.0,9.0,9.0,9.0,6.0,1.0,1.0,1.0,1.0,9.0,1.0,6.0,1.0,1.0,1.0,6.0,6.0,1.0,1.0,1.0,1.0,1.0,1.0,1.0,1.0,6.0,1.0,6.0,1.0,1.0,1.0,6.0,1.0,6.0,1.0,1.0,1.0,1.0,1.0,1.0,1.0,1.0,1.0,6.0,1.0,1.0,6.0,1.0,1.0,6.0,6.0,1.0,9.0
5760,13.0,1.0,1.0,6.0,6.0,6.0,6.0,1.0,1.0,1.0,6.0,6.0,1.0,1.0,6.0,1.0,6.0,1.0,6.0,6.0,1.0,1.0,6.0,6.0,6.0,6.0,6.0,6.0,1.0,1.0,1.0,1.0,1.0,6.0,1.0,1.0,6.0,1.0,6.0,1.0,1.0,1.0,6.0,6.0,1.0,6.0,1.0,6.0,6.0,6.0,6.0,1.0,1.0,1.0,6.0,1.0,6.0,6.0,1.0,6.0,6.0,1.0,1.0,1.0,1.0,6.0,9.0,1.0,6.0,6.0,9.0,9.0,9.0,9.0,1.0,6.0,6.0,9.0,9.0,9.0,9.0,9.0,9.0,9.0,9.0,9.0,9.0,9.0,9.0,9.0,9.0,9.0,9.0,9.0,9.0,9.0
5815,13.0,9.0,1.0,6.0,6.0,6.0,6.0,1.0,1.0,1.0,9.0,6.0,1.0,9.0,6.0,1.0,1.0,6.0,6.0,1.0,1.0,6.0,6.0,6.0,6.0,6.0,1.0,1.0,6.0,9.0,1.0,1.0,1.0,1.0,1.0,6.0,6.0,9.0,6.0,9.0,6.0,9.0,9.0,6.0,9.0,9.0,9.0,9.0,9.0,9.0,9.0,9.0,9.0,9.0,9.0,9.0,9.0,9.0,9.0,9.0,9.0,9.0,9.0,9.0,9.0,9.0,9.0,9.0,9.0,9.0,9.0,9.0,,,,,,,,,,,,,,,,,,,,,,,,
5937,13.0,1.0,6.0,6.0,1.0,6.0,6.0,6.0,1.0,1.0,1.0,1.0,1.0,6.0,6.0,1.0,6.0,1.0,1.0,6.0,1.0,6.0,6.0,6.0,6.0,6.0,1.0,1.0,6.0,6.0,9.0,1.0,1.0,1.0,1.0,6.0,1.0,9.0,6.0,1.0,9.0,6.0,6.0,6.0,6.0,6.0,1.0,6.0,1.0,1.0,1.0,6.0,6.0,1.0,6.0,1.0,1.0,6.0,6.0,6.0,6.0,6.0,1.0,6.0,1.0,6.0,6.0,1.0,1.0,9.0,1.0,1.0,9.0,1.0,6.0,1.0,1.0,6.0,1.0,1.0,6.0,1.0,1.0,1.0,6.0,1.0,6.0,1.0,1.0,1.0,1.0,9.0,6.0,9.0,9.0,1.0
6078,13.0,1.0,1.0,1.0,1.0,1.0,6.0,1.0,1.0,1.0,1.0,6.0,1.0,1.0,1.0,1.0,6.0,6.0,1.0,6.0,1.0,6.0,6.0,1.0,6.0,6.0,1.0,1.0,6.0,1.0,1.0,1.0,1.0,9.0,6.0,1.0,6.0,6.0,1.0,6.0,9.0,9.0,1.0,1.0,6.0,1.0,6.0,6.0,6.0,6.0,1.0,6.0,6.0,6.0,1.0,6.0,1.0,1.0,6.0,6.0,1.0,6.0,6.0,6.0,1.0,6.0,6.0,1.0,1.0,6.0,1.0,6.0,6.0,1.0,6.0,6.0,6.0,1.0,9.0,1.0,1.0,1.0,6.0,9.0,1.0,1.0,1.0,6.0,1.0,6.0,1.0,6.0,6.0,6.0,1.0,9.0
6080,13.0,1.0,6.0,1.0,6.0,6.0,6.0,6.0,6.0,6.0,6.0,6.0,6.0,6.0,6.0,6.0,1.0,1.0,1.0,6.0,6.0,1.0,6.0,6.0,6.0,6.0,1.0,1.0,6.0,6.0,1.0,1.0,1.0,1.0,6.0,1.0,6.0,6.0,6.0,1.0,6.0,1.0,1.0,6.0,6.0,9.0,9.0,6.0,1.0,1.0,1.0,6.0,1.0,1.0,6.0,1.0,6.0,6.0,6.0,6.0,6.0,6.0,1.0,1.0,6.0,1.0,6.0,1.0,1.0,6.0,9.0,9.0,6.0,1.0,9.0,6.0,9.0,9.0,6.0,1.0,6.0,1.0,1.0,6.0,9.0,6.0,1.0,6.0,1.0,6.0,6.0,6.0,1.0,6.0,1.0,6.0
6088,13.0,1.0,6.0,6.0,1.0,6.0,1.0,6.0,1.0,1.0,1.0,1.0,1.0,1.0,1.0,1.0,6.0,1.0,6.0,1.0,1.0,6.0,6.0,6.0,6.0,6.0,6.0,6.0,1.0,6.0,1.0,1.0,1.0,6.0,6.0,1.0,6.0,1.0,1.0,6.0,6.0,1.0,1.0,1.0,6.0,1.0,6.0,1.0,6.0,6.0,1.0,6.0,6.0,6.0,6.0,6.0,1.0,1.0,6.0,6.0,1.0,6.0,6.0,6.0,1.0,1.0,6.0,1.0,1.0,6.0,6.0,6.0,1.0,1.0,1.0,6.0,6.0,1.0,6.0,6.0,6.0,1.0,6.0,6.0,6.0,1.0,1.0,6.0,1.0,6.0,1.0,6.0,1.0,6.0,1.0,6.0
6140,13.0,1.0,1.0,6.0,6.0,1.0,1.0,6.0,6.0,6.0,6.0,6.0,6.0,9.0,9.0,9.0,9.0,6.0,6.0,1.0,1.0,6.0,1.0,6.0,1.0,1.0,1.0,1.0,6.0,6.0,1.0,1.0,1.0,1.0,6.0,1.0,6.0,1.0,1.0,6.0,1.0,1.0,6.0,1.0,1.0,1.0,6.0,6.0,1.0,1.0,6.0,1.0,6.0,6.0,6.0,1.0,6.0,1.0,1.0,6.0,1.0,1.0,6.0,1.0,1.0,1.0,1.0,6.0,6.0,1.0,1.0,1.0,1.0,1.0,6.0,1.0,1.0,6.0,6.0,1.0,6.0,1.0,6.0,6.0,1.0,1.0,6.0,1.0,6.0,1.0,6.0,1.0,6.0,1.0,1.0,1.0
6189,13.0,1.0,1.0,6.0,6.0,6.0,6.0,6.0,6.0,6.0,6.0,6.0,6.0,1.0,1.0,6.0,1.0,6.0,1.0,1.0,6.0,1.0,6.0,1.0,6.0,6.0,1.0,1.0,6.0,1.0,1.0,6.0,1.0,1.0,6.0,1.0,1.0,1.0,6.0,1.0,6.0,6.0,1.0,6.0,6.0,6.0,1.0,1.0,6.0,6.0,1.0,6.0,1.0,6.0,6.0,9.0,1.0,6.0,6.0,6.0,6.0,6.0,1.0,1.0,6.0,1.0,6.0,1.0,1.0,6.0,1.0,6.0,6.0,6.0,1.0,6.0,6.0,1.0,6.0,6.0,6.0,6.0,1.0,6.0,6.0,6.0,1.0,6.0,1.0,6.0,9.0,6.0,1.0,1.0,1.0,1.0
6232,13.0,1.0,1.0,6.0,1.0,6.0,9.0,1.0,6.0,1.0,1.0,1.0,1.0,1.0,9.0,1.0,6.0,6.0,6.0,1.0,1.0,6.0,9.0,9.0,6.0,6.0,9.0,9.0,1.0,6.0,1.0,6.0,1.0,1.0,9.0,1.0,6.0,6.0,6.0,1.0,6.0,9.0,1.0,9.0,6.0,6.0,1.0,9.0,9.0,9.0,9.0,9.0,9.0,9.0,9.0,9.0,1.0,1.0,1.0,1.0,1.0,6.0,6.0,1.0,1.0,1.0,1.0,6.0,9.0,1.0,6.0,6.0,9.0,9.0,9.0,9.0,9.0,9.0,9.0,9.0,9.0,9.0,9.0,9.0,6.0,1.0,6.0,9.0,9.0,1.0,1.0,1.0,6.0,6.0,1.0,1.0
6323,1.0,9.0,9.0,9.0,9.0,9.0,9.0,9.0,9.0,9.0,9.0,9.0,9.0,9.0,9.0,9.0,9.0,1.0,1.0,1.0,1.0,9.0,9.0,9.0,9.0,9.0,9.0,6.0,1.0,9.0,1.0,1.0,1.0,9.0,9.0,9.0,9.0,9.0,9.0,9.0,9.0,1.0,1.0,6.0,6.0,6.0,1.0,6.0,9.0,1.0,1.0,6.0,1.0,1.0,6.0,1.0,1.0,6.0,6.0,6.0,6.0,6.0,6.0,6.0,1.0,1.0,6.0,6.0,9.0,9.0,9.0,9.0,1.0,1.0,6.0,1.0,1.0,6.0,1.0,9.0,6.0,1.0,1.0,6.0,1.0,1.0,6.0,1.0,6.0,1.0,6.0,9.0,9.0,6.0,1.0,1.0
6370,1.0,6.0,1.0,6.0,6.0,6.0,6.0,1.0,1.0,1.0,6.0,6.0,1.0,1.0,6.0,1.0,6.0,1.0,6.0,9.0,6.0,1.0,6.0,1.0,6.0,6.0,9.0,6.0,1.0,1.0,1.0,1.0,1.0,6.0,6.0,1.0,6.0,6.0,6.0,1.0,1.0,1.0,9.0,9.0,1.0,6.0,1.0,6.0,6.0,6.0,6.0,1.0,9.0,1.0,9.0,9.0,6.0,1.0,1.0,6.0,6.0,1.0,1.0,1.0,1.0,1.0,6.0,9.0,9.0,9.0,9.0,9.0,6.0,1.0,9.0,9.0,6.0,6.0,6.0,6.0,6.0,1.0,9.0,6.0,6.0,1.0,6.0,1.0,1.0,1.0,9.0,6.0,1.0,6.0,1.0,9.0
6384,1.0,1.0,6.0,1.0,6.0,6.0,6.0,6.0,1.0,1.0,6.0,6.0,6.0,6.0,1.0,6.0,1.0,6.0,6.0,1.0,1.0,1.0,6.0,1.0,6.0,6.0,6.0,6.0,1.0,1.0,1.0,1.0,1.0,1.0,1.0,1.0,6.0,6.0,1.0,6.0,1.0,1.0,1.0,1.0,6.0,6.0,6.0,6.0,6.0,6.0,1.0,6.0,6.0,6.0,1.0,1.0,1.0,6.0,6.0,6.0,6.0,6.0,6.0,6.0,1.0,1.0,1.0,6.0,9.0,6.0,6.0,6.0,1.0,1.0,6.0,1.0,1.0,1.0,6.0,1.0,6.0,1.0,6.0,6.0,1.0,1.0,1.0,6.0,1.0,1.0,9.0,6.0,6.0,6.0,1.0,6.0
6415,1.0,6.0,1.0,6.0,6.0,6.0,6.0,1.0,1.0,1.0,6.0,6.0,1.0,1.0,1.0,1.0,6.0,6.0,6.0,1.0,1.0,1.0,6.0,6.0,6.0,6.0,1.0,9.0,6.0,1.0,1.0,1.0,1.0,6.0,1.0,6.0,9.0,9.0,6.0,1.0,6.0,6.0,1.0,1.0,6.0,6.0,1.0,6.0,1.0,1.0,1.0,6.0,6.0,6.0,9.0,1.0,1.0,9.0,9.0,6.0,9.0,9.0,6.0,1.0,1.0,1.0,9.0,6.0,6.0,1.0,6.0,1.0,1.0,9.0,6.0,1.0,1.0,9.0,6.0,1.0,1.0,1.0,6.0,6.0,6.0,1.0,6.0,1.0,1.0,9.0,9.0,1.0,6.0,6.0,1.0,9.0
6446,13.0,1.0,1.0,1.0,6.0,1.0,6.0,1.0,1.0,1.0,1.0,1.0,1.0,6.0,1.0,6.0,6.0,6.0,9.0,6.0,6.0,9.0,1.0,9.0,1.0,6.0,9.0,1.0,6.0,1.0,1.0,6.0,1.0,6.0,1.0,6.0,1.0,6.0,1.0,6.0,6.0,1.0,1.0,6.0,6.0,6.0,1.0,6.0,1.0,1.0,1.0,6.0,1.0,1.0,9.0,1.0,1.0,6.0,6.0,6.0,6.0,6.0,6.0,6.0,1.0,6.0,6.0,1.0,1.0,1.0,1.0,1.0,6.0,1.0,6.0,6.0,1.0,1.0,1.0,1.0,6.0,1.0,1.0,6.0,1.0,9.0,6.0,1.0,9.0,6.0,6.0,9.0,1.0,9.0,1.0,6.0
6539,1.0,9.0,6.0,1.0,6.0,6.0,1.0,6.0,6.0,6.0,6.0,6.0,6.0,6.0,6.0,6.0,1.0,1.0,6.0,1.0,1.0,6.0,1.0,6.0,1.0,1.0,6.0,6.0,1.0,9.0,1.0,1.0,1.0,9.0,6.0,1.0,1.0,6.0,1.0,6.0,6.0,6.0,6.0,1.0,1.0,6.0,1.0,6.0,1.0,1.0,6.0,1.0,6.0,9.0,6.0,1.0,6.0,1.0,1.0,6.0,6.0,1.0,6.0,1.0,1.0,1.0,1.0,6.0,6.0,1.0,6.0,1.0,,,,,,,,,,,,,,,,,,,,,,,,
6563,13.0,9.0,6.0,6.0,6.0,6.0,6.0,6.0,6.0,6.0,6.0,6.0,6.0,6.0,6.0,6.0,1.0,6.0,6.0,1.0,1.0,1.0,6.0,1.0,6.0,6.0,6.0,6.0,1.0,1.0,1.0,1.0,1.0,1.0,1.0,1.0,6.0,1.0,1.0,6.0,6.0,1.0,1.0,1.0,6.0,6.0,1.0,6.0,6.0,6.0,1.0,6.0,6.0,6.0,6.0,6.0,1.0,1.0,6.0,6.0,6.0,6.0,6.0,6.0,1.0,1.0,6.0,1.0,1.0,6.0,6.0,6.0,6.0,1.0,1.0,1.0,1.0,6.0,6.0,6.0,6.0,1.0,6.0,6.0,1.0,1.0,1.0,6.0,1.0,6.0,1.0,6.0,6.0,6.0,1.0,6.0
6575,13.0,1.0,9.0,6.0,6.0,9.0,6.0,1.0,6.0,1.0,1.0,1.0,1.0,1.0,9.0,9.0,6.0,9.0,9.0,9.0,9.0,6.0,6.0,6.0,6.0,6.0,1.0,1.0,6.0,6.0,9.0,9.0,9.0,9.0,1.0,6.0,1.0,9.0,6.0,9.0,9.0,6.0,1.0,1.0,6.0,1.0,6.0,9.0,9.0,9.0,1.0,6.0,6.0,1.0,6.0,9.0,1.0,1.0,6.0,1.0,9.0,9.0,9.0,9.0,1.0,9.0,9.0,9.0,9.0,9.0,9.0,9.0,9.0,1.0,6.0,1.0,1.0,9.0,9.0,9.0,9.0,9.0,9.0,9.0,6.0,9.0,9.0,1.0,9.0,9.0,9.0,1.0,6.0,6.0,9.0,9.0
6607,13.0,1.0,1.0,1.0,9.0,6.0,6.0,1.0,9.0,6.0,6.0,6.0,1.0,1.0,1.0,9.0,9.0,9.0,1.0,1.0,1.0,6.0,9.0,9.0,9.0,1.0,9.0,9.0,9.0,9.0,9.0,1.0,9.0,1.0,9.0,6.0,6.0,6.0,6.0,1.0,1.0,6.0,9.0,1.0,9.0,6.0,1.0,9.0,1.0,1.0,9.0,9.0,6.0,6.0,6.0,1.0,1.0,1.0,6.0,1.0,9.0,1.0,6.0,1.0,9.0,1.0,9.0,9.0,9.0,1.0,9.0,9.0,9.0,9.0,1.0,9.0,9.0,1.0,6.0,6.0,6.0,9.0,1.0,9.0,9.0,9.0,6.0,1.0,9.0,1.0,9.0,9.0,9.0,9.0,9.0,1.0
6632,13.0,1.0,1.0,6.0,1.0,6.0,1.0,6.0,1.0,1.0,1.0,1.0,1.0,6.0,6.0,1.0,6.0,6.0,6.0,1.0,1.0,1.0,1.0,1.0,1.0,1.0,9.0,6.0,1.0,1.0,6.0,6.0,1.0,1.0,1.0,6.0,6.0,9.0,6.0,6.0,1.0,1.0,1.0,6.0,6.0,6.0,1.0,9.0,9.0,9.0,1.0,6.0,1.0,1.0,6.0,1.0,1.0,6.0,6.0,6.0,6.0,6.0,6.0,6.0,1.0,1.0,1.0,6.0,6.0,6.0,6.0,9.0,9.0,1.0,9.0,1.0,1.0,6.0,1.0,1.0,1.0,1.0,9.0,6.0,6.0,1.0,6.0,1.0,1.0,9.0,1.0,1.0,1.0,9.0,1.0,9.0
6650,13.0,1.0,6.0,1.0,6.0,6.0,6.0,1.0,6.0,6.0,6.0,6.0,6.0,6.0,1.0,6.0,1.0,6.0,6.0,1.0,1.0,6.0,1.0,6.0,1.0,1.0,6.0,6.0,1.0,6.0,1.0,1.0,1.0,1.0,6.0,1.0,1.0,6.0,1.0,6.0,1.0,1.0,6.0,1.0,6.0,6.0,1.0,6.0,6.0,1.0,1.0,6.0,6.0,6.0,6.0,1.0,1.0,1.0,6.0,6.0,6.0,6.0,6.0,6.0,1.0,1.0,6.0,1.0,6.0,1.0,6.0,1.0,,,,,,,,,,,,,,,,,,,,,,,,
6654,13.0,9.0,1.0,6.0,6.0,6.0,1.0,6.0,6.0,1.0,1.0,6.0,1.0,1.0,6.0,1.0,6.0,6.0,6.0,1.0,1.0,1.0,1.0,6.0,1.0,1.0,1.0,1.0,6.0,1.0,9.0,6.0,1.0,1.0,9.0,6.0,1.0,9.0,9.0,9.0,6.0,6.0,1.0,1.0,6.0,6.0,6.0,1.0,1.0,1.0,1.0,6.0,6.0,6.0,9.0,1.0,1.0,1.0,6.0,6.0,6.0,6.0,6.0,9.0,6.0,1.0,9.0,9.0,6.0,1.0,6.0,1.0,1.0,1.0,6.0,9.0,1.0,6.0,1.0,1.0,9.0,9.0,9.0,6.0,9.0,1.0,1.0,1.0,1.0,1.0,1.0,1.0,1.0,6.0,1.0,9.0
6681,13.0,1.0,1.0,1.0,6.0,6.0,6.0,6.0,1.0,1.0,6.0,6.0,1.0,1.0,1.0,1.0,1.0,6.0,6.0,1.0,1.0,1.0,1.0,6.0,1.0,6.0,9.0,6.0,1.0,9.0,1.0,1.0,1.0,1.0,1.0,1.0,1.0,9.0,1.0,6.0,1.0,6.0,1.0,1.0,6.0,6.0,1.0,9.0,6.0,6.0,1.0,6.0,6.0,6.0,6.0,9.0,1.0,1.0,6.0,9.0,1.0,6.0,6.0,6.0,1.0,1.0,1.0,6.0,6.0,6.0,9.0,9.0,6.0,1.0,1.0,1.0,1.0,6.0,1.0,6.0,6.0,1.0,1.0,6.0,1.0,9.0,9.0,9.0,6.0,6.0,9.0,1.0,6.0,6.0,1.0,9.0
6825,13.0,1.0,6.0,1.0,6.0,6.0,6.0,6.0,1.0,1.0,6.0,6.0,6.0,6.0,1.0,6.0,1.0,6.0,9.0,6.0,1.0,1.0,1.0,1.0,1.0,6.0,6.0,6.0,9.0,1.0,1.0,1.0,1.0,6.0,6.0,1.0,6.0,1.0,1.0,6.0,1.0,1.0,1.0,1.0,6.0,6.0,6.0,6.0,6.0,1.0,1.0,6.0,6.0,6.0,6.0,6.0,1.0,1.0,6.0,6.0,1.0,6.0,6.0,6.0,1.0,1.0,1.0,1.0,1.0,6.0,1.0,6.0,6.0,1.0,1.0,6.0,1.0,1.0,6.0,6.0,6.0,1.0,6.0,6.0,1.0,9.0,1.0,6.0,1.0,6.0,9.0,6.0,1.0,6.0,1.0,6.0
6852,1.0,1.0,6.0,6.0,6.0,6.0,6.0,6.0,6.0,6.0,9.0,6.0,6.0,6.0,6.0,6.0,1.0,6.0,6.0,1.0,1.0,1.0,1.0,1.0,1.0,1.0,6.0,6.0,1.0,1.0,1.0,1.0,1.0,1.0,1.0,6.0,6.0,9.0,6.0,1.0,1.0,9.0,1.0,1.0,6.0,6.0,1.0,6.0,1.0,1.0,1.0,6.0,6.0,6.0,6.0,1.0,1.0,1.0,6.0,6.0,6.0,6.0,6.0,6.0,1.0,1.0,1.0,6.0,1.0,1.0,6.0,1.0,1.0,1.0,6.0,1.0,1.0,6.0,6.0,1.0,1.0,1.0,6.0,6.0,6.0,1.0,6.0,1.0,1.0,6.0,6.0,1.0,6.0,9.0,1.0,9.0
6865,13.0,6.0,1.0,6.0,6.0,1.0,1.0,1.0,1.0,1.0,1.0,6.0,1.0,1.0,6.0,1.0,6.0,6.0,6.0,1.0,6.0,6.0,6.0,6.0,6.0,6.0,9.0,9.0,9.0,9.0,9.0,1.0,1.0,1.0,1.0,1.0,1.0,1.0,1.0,9.0,1.0,6.0,1.0,1.0,6.0,1.0,6.0,1.0,9.0,6.0,1.0,6.0,6.0,1.0,1.0,6.0,6.0,6.0,6.0,1.0,1.0,1.0,6.0,1.0,1.0,1.0,1.0,6.0,6.0,6.0,6.0,6.0,6.0,1.0,9.0,9.0,9.0,9.0,9.0,9.0,9.0,9.0,9.0,9.0,9.0,9.0,9.0,9.0,9.0,9.0,9.0,9.0,9.0,9.0,9.0,9.0
6866,1.0,1.0,6.0,6.0,1.0,6.0,6.0,6.0,6.0,6.0,6.0,6.0,6.0,6.0,6.0,6.0,1.0,1.0,1.0,9.0,1.0,9.0,1.0,9.0,1.0,1.0,6.0,6.0,1.0,1.0,1.0,9.0,1.0,1.0,9.0,9.0,1.0,9.0,6.0,1.0,1.0,1.0,9.0,9.0,9.0,9.0,9.0,1.0,6.0,6.0,9.0,6.0,6.0,6.0,1.0,6.0,1.0,1.0,6.0,6.0,6.0,6.0,1.0,1.0,6.0,1.0,9.0,9.0,1.0,6.0,6.0,6.0,1.0,1.0,1.0,9.0,1.0,1.0,1.0,6.0,9.0,1.0,1.0,6.0,6.0,6.0,9.0,9.0,6.0,1.0,9.0,1.0,6.0,6.0,1.0,1.0
6867,13.0,1.0,6.0,6.0,6.0,6.0,1.0,6.0,6.0,6.0,1.0,6.0,6.0,6.0,6.0,6.0,1.0,1.0,1.0,1.0,9.0,9.0,9.0,9.0,9.0,9.0,9.0,9.0,9.0,9.0,9.0,9.0,9.0,9.0,9.0,6.0,1.0,9.0,9.0,1.0,9.0,6.0,6.0,1.0,6.0,1.0,6.0,6.0,1.0,1.0,1.0,6.0,6.0,6.0,6.0,1.0,1.0,1.0,6.0,1.0,1.0,6.0,6.0,1.0,6.0,1.0,9.0,6.0,9.0,9.0,6.0,1.0,9.0,9.0,6.0,1.0,9.0,9.0,6.0,1.0,1.0,1.0,1.0,6.0,6.0,1.0,6.0,1.0,9.0,6.0,9.0,1.0,9.0,9.0,9.0,9.0
6886,13.0,1.0,1.0,6.0,9.0,6.0,9.0,9.0,9.0,1.0,1.0,1.0,1.0,6.0,9.0,9.0,9.0,9.0,9.0,9.0,9.0,6.0,6.0,6.0,1.0,6.0,9.0,1.0,9.0,6.0,9.0,1.0,1.0,9.0,1.0,6.0,1.0,9.0,6.0,1.0,1.0,1.0,1.0,6.0,6.0,9.0,9.0,9.0,9.0,9.0,1.0,6.0,1.0,9.0,9.0,1.0,1.0,6.0,6.0,6.0,6.0,6.0,6.0,1.0,9.0,9.0,9.0,6.0,9.0,9.0,9.0,9.0,9.0,9.0,9.0,1.0,9.0,1.0,6.0,6.0,9.0,1.0,6.0,6.0,9.0,6.0,1.0,6.0,1.0,9.0,6.0,9.0,6.0,6.0,9.0,6.0
6905,13.0,1.0,1.0,6.0,6.0,6.0,6.0,1.0,1.0,6.0,6.0,6.0,6.0,1.0,9.0,9.0,6.0,6.0,9.0,1.0,1.0,6.0,1.0,1.0,9.0,6.0,9.0,1.0,6.0,6.0,9.0,1.0,1.0,1.0,1.0,6.0,1.0,9.0,1.0,6.0,1.0,6.0,6.0,6.0,1.0,6.0,1.0,6.0,1.0,1.0,9.0,1.0,6.0,6.0,6.0,1.0,6.0,9.0,1.0,1.0,6.0,1.0,1.0,1.0,1.0,1.0,6.0,6.0,1.0,1.0,6.0,9.0,9.0,1.0,6.0,1.0,1.0,6.0,1.0,1.0,1.0,9.0,1.0,9.0,6.0,1.0,6.0,1.0,1.0,6.0,1.0,9.0,1.0,6.0,1.0,9.0
7122,13.0,1.0,1.0,6.0,6.0,6.0,6.0,1.0,6.0,1.0,1.0,1.0,1.0,1.0,6.0,1.0,6.0,6.0,6.0,9.0,6.0,1.0,6.0,1.0,6.0,6.0,9.0,1.0,6.0,1.0,6.0,1.0,1.0,6.0,1.0,1.0,9.0,9.0,9.0,9.0,1.0,1.0,9.0,6.0,6.0,6.0,1.0,1.0,6.0,6.0,1.0,6.0,1.0,1.0,6.0,6.0,1.0,6.0,6.0,6.0,6.0,6.0,1.0,1.0,9.0,1.0,9.0,9.0,1.0,6.0,6.0,6.0,,,,,,,,,,,,,,,,,,,,,,,,
7253,13.0,1.0,6.0,1.0,6.0,1.0,6.0,1.0,6.0,6.0,6.0,6.0,6.0,6.0,1.0,6.0,1.0,6.0,6.0,6.0,1.0,1.0,6.0,1.0,6.0,6.0,6.0,6.0,1.0,1.0,1.0,1.0,1.0,1.0,6.0,6.0,6.0,6.0,1.0,6.0,1.0,1.0,1.0,1.0,6.0,6.0,1.0,6.0,1.0,1.0,1.0,6.0,6.0,6.0,6.0,1.0,1.0,1.0,6.0,6.0,6.0,6.0,6.0,6.0,1.0,1.0,6.0,1.0,1.0,1.0,6.0,1.0,6.0,1.0,6.0,1.0,1.0,6.0,6.0,1.0,1.0,1.0,6.0,6.0,1.0,1.0,6.0,1.0,1.0,6.0,1.0,6.0,6.0,6.0,1.0,1.0
7256,1.0,1.0,6.0,1.0,1.0,1.0,1.0,6.0,6.0,6.0,1.0,6.0,6.0,6.0,6.0,6.0,1.0,1.0,1.0,1.0,1.0,6.0,6.0,6.0,1.0,1.0,9.0,9.0,1.0,6.0,9.0,1.0,1.0,1.0,1.0,9.0,1.0,1.0,1.0,6.0,1.0,6.0,9.0,9.0,9.0,9.0,9.0,9.0,9.0,9.0,6.0,6.0,6.0,6.0,1.0,6.0,6.0,1.0,9.0,9.0,1.0,1.0,1.0,1.0,6.0,1.0,1.0,6.0,9.0,6.0,6.0,9.0,6.0,1.0,9.0,1.0,1.0,6.0,6.0,1.0,6.0,1.0,9.0,6.0,6.0,1.0,1.0,6.0,6.0,9.0,9.0,1.0,6.0,9.0,1.0,1.0
7414,1.0,1.0,1.0,1.0,6.0,6.0,6.0,1.0,1.0,6.0,6.0,6.0,6.0,6.0,1.0,6.0,9.0,6.0,6.0,6.0,1.0,1.0,6.0,1.0,6.0,6.0,1.0,1.0,6.0,6.0,1.0,1.0,1.0,6.0,6.0,1.0,6.0,6.0,1.0,6.0,1.0,1.0,1.0,1.0,6.0,6.0,6.0,6.0,6.0,6.0,1.0,6.0,6.0,6.0,6.0,6.0,1.0,9.0,6.0,6.0,6.0,6.0,6.0,1.0,1.0,1.0,6.0,6.0,6.0,6.0,6.0,9.0,6.0,1.0,6.0,1.0,6.0,1.0,6.0,1.0,6.0,1.0,6.0,6.0,6.0,1.0,1.0,6.0,1.0,6.0,9.0,6.0,6.0,6.0,1.0,9.0
7444,13.0,1.0,6.0,1.0,6.0,1.0,6.0,6.0,6.0,6.0,6.0,6.0,6.0,1.0,6.0,6.0,1.0,6.0,9.0,1.0,1.0,6.0,6.0,9.0,6.0,6.0,6.0,6.0,1.0,6.0,1.0,1.0,1.0,1.0,6.0,1.0,6.0,1.0,1.0,6.0,1.0,1.0,6.0,1.0,6.0,1.0,6.0,9.0,1.0,1.0,6.0,6.0,6.0,1.0,9.0,9.0,6.0,6.0,1.0,6.0,1.0,6.0,1.0,9.0,1.0,1.0,1.0,6.0,6.0,9.0,6.0,1.0,6.0,1.0,1.0,6.0,6.0,1.0,6.0,6.0,6.0,1.0,1.0,6.0,1.0,9.0,6.0,1.0,6.0,6.0,1.0,1.0,6.0,6.0,1.0,6.0
7468,13.0,1.0,9.0,6.0,6.0,1.0,1.0,6.0,6.0,1.0,1.0,6.0,6.0,6.0,6.0,6.0,1.0,6.0,6.0,1.0,1.0,6.0,1.0,6.0,1.0,1.0,6.0,6.0,1.0,6.0,1.0,1.0,1.0,1.0,9.0,9.0,6.0,6.0,1.0,6.0,9.0,1.0,1.0,1.0,6.0,1.0,6.0,6.0,6.0,6.0,1.0,6.0,6.0,6.0,6.0,6.0,1.0,1.0,6.0,1.0,1.0,6.0,1.0,6.0,1.0,1.0,1.0,1.0,6.0,6.0,6.0,9.0,1.0,1.0,9.0,1.0,1.0,1.0,1.0,6.0,6.0,1.0,1.0,6.0,1.0,6.0,6.0,6.0,6.0,1.0,1.0,9.0,6.0,6.0,1.0,1.0
7492,13.0,1.0,6.0,1.0,6.0,6.0,6.0,1.0,1.0,6.0,6.0,6.0,6.0,6.0,1.0,6.0,1.0,6.0,6.0,1.0,1.0,1.0,6.0,6.0,1.0,6.0,6.0,6.0,1.0,1.0,1.0,9.0,1.0,1.0,6.0,1.0,6.0,6.0,1.0,6.0,9.0,1.0,1.0,6.0,6.0,6.0,1.0,6.0,1.0,1.0,1.0,6.0,6.0,6.0,6.0,1.0,1.0,1.0,6.0,6.0,6.0,6.0,6.0,6.0,1.0,1.0,6.0,1.0,1.0,1.0,6.0,6.0,1.0,1.0,6.0,6.0,6.0,1.0,6.0,6.0,6.0,1.0,6.0,6.0,1.0,6.0,1.0,6.0,1.0,6.0,1.0,6.0,6.0,6.0,1.0,6.0
7494,13.0,1.0,6.0,6.0,6.0,6.0,6.0,6.0,6.0,6.0,6.0,6.0,6.0,6.0,6.0,6.0,1.0,1.0,1.0,6.0,1.0,9.0,6.0,1.0,6.0,6.0,1.0,1.0,6.0,6.0,1.0,1.0,1.0,1.0,6.0,1.0,1.0,9.0,6.0,1.0,6.0,1.0,1.0,6.0,6.0,6.0,6.0,6.0,1.0,1.0,1.0,6.0,1.0,1.0,6.0,1.0,1.0,6.0,6.0,6.0,6.0,6.0,6.0,1.0,1.0,1.0,1.0,1.0,1.0,1.0,9.0,6.0,1.0,1.0,6.0,6.0,6.0,1.0,9.0,9.0,6.0,1.0,1.0,6.0,6.0,6.0,1.0,1.0,1.0,6.0,1.0,1.0,1.0,6.0,1.0,6.0
7503,13.0,1.0,1.0,6.0,6.0,6.0,6.0,1.0,1.0,1.0,1.0,6.0,1.0,1.0,6.0,1.0,6.0,6.0,6.0,1.0,1.0,6.0,6.0,6.0,6.0,1.0,9.0,9.0,9.0,9.0,1.0,1.0,1.0,1.0,1.0,9.0,1.0,9.0,9.0,9.0,1.0,6.0,1.0,6.0,6.0,6.0,1.0,1.0,1.0,1.0,9.0,9.0,9.0,9.0,9.0,9.0,6.0,6.0,1.0,6.0,6.0,1.0,6.0,1.0,1.0,1.0,1.0,6.0,9.0,9.0,9.0,9.0,9.0,9.0,9.0,9.0,9.0,9.0,9.0,9.0,9.0,9.0,1.0,6.0,6.0,1.0,6.0,1.0,6.0,9.0,6.0,1.0,1.0,6.0,1.0,9.0
7723,13.0,9.0,6.0,6.0,1.0,6.0,1.0,6.0,1.0,1.0,1.0,1.0,1.0,9.0,6.0,1.0,6.0,1.0,1.0,6.0,6.0,9.0,9.0,9.0,9.0,9.0,9.0,9.0,9.0,9.0,9.0,9.0,9.0,9.0,9.0,9.0,9.0,9.0,9.0,9.0,9.0,9.0,9.0,9.0,9.0,9.0,9.0,9.0,9.0,9.0,9.0,9.0,9.0,9.0,9.0,9.0,9.0,9.0,9.0,9.0,9.0,9.0,9.0,9.0,9.0,9.0,9.0,9.0,9.0,9.0,9.0,9.0,6.0,9.0,9.0,9.0,9.0,9.0,9.0,9.0,9.0,9.0,1.0,9.0,9.0,9.0,9.0,6.0,1.0,9.0,9.0,9.0,9.0,9.0,9.0,9.0
7729,13.0,6.0,6.0,1.0,6.0,6.0,6.0,6.0,1.0,1.0,6.0,9.0,1.0,6.0,1.0,6.0,9.0,1.0,1.0,1.0,9.0,1.0,6.0,9.0,1.0,9.0,1.0,1.0,6.0,6.0,9.0,1.0,1.0,6.0,6.0,6.0,1.0,1.0,6.0,1.0,1.0,1.0,9.0,6.0,1.0,6.0,1.0,6.0,1.0,1.0,9.0,1.0,1.0,1.0,6.0,1.0,6.0,6.0,1.0,6.0,6.0,1.0,1.0,6.0,1.0,1.0,1.0,6.0,6.0,1.0,6.0,1.0,9.0,9.0,9.0,9.0,9.0,9.0,6.0,1.0,1.0,6.0,9.0,9.0,6.0,6.0,6.0,1.0,9.0,9.0,6.0,6.0,6.0,1.0,6.0,9.0
7789,1.0,9.0,6.0,6.0,1.0,6.0,1.0,6.0,6.0,6.0,1.0,6.0,6.0,6.0,6.0,6.0,1.0,1.0,1.0,1.0,1.0,6.0,6.0,6.0,6.0,6.0,6.0,6.0,1.0,6.0,6.0,1.0,1.0,1.0,6.0,1.0,6.0,1.0,9.0,1.0,1.0,1.0,9.0,9.0,9.0,9.0,9.0,6.0,6.0,6.0,1.0,6.0,6.0,6.0,6.0,6.0,1.0,6.0,6.0,6.0,1.0,6.0,1.0,1.0,9.0,1.0,6.0,6.0,1.0,6.0,9.0,6.0,1.0,1.0,1.0,1.0,6.0,1.0,1.0,6.0,6.0,1.0,1.0,6.0,9.0,6.0,6.0,9.0,6.0,1.0,9.0,1.0,6.0,6.0,1.0,1.0
7813,13.0,6.0,1.0,6.0,6.0,6.0,6.0,6.0,6.0,6.0,6.0,6.0,6.0,1.0,6.0,6.0,9.0,9.0,9.0,6.0,1.0,6.0,6.0,1.0,6.0,6.0,6.0,6.0,1.0,1.0,9.0,6.0,1.0,1.0,1.0,1.0,1.0,9.0,6.0,1.0,1.0,1.0,9.0,9.0,9.0,9.0,9.0,1.0,6.0,1.0,1.0,6.0,1.0,1.0,6.0,1.0,6.0,6.0,1.0,6.0,6.0,1.0,6.0,1.0,1.0,9.0,6.0,1.0,1.0,1.0,1.0,6.0,1.0,9.0,1.0,1.0,9.0,9.0,1.0,6.0,6.0,1.0,1.0,6.0,6.0,1.0,6.0,1.0,1.0,1.0,9.0,9.0,9.0,6.0,1.0,1.0
7838,13.0,1.0,1.0,6.0,6.0,6.0,6.0,6.0,1.0,1.0,1.0,1.0,1.0,1.0,6.0,1.0,6.0,6.0,6.0,1.0,1.0,6.0,6.0,6.0,6.0,6.0,1.0,1.0,6.0,6.0,6.0,1.0,1.0,1.0,1.0,1.0,1.0,1.0,6.0,1.0,1.0,6.0,1.0,6.0,6.0,6.0,1.0,1.0,6.0,6.0,1.0,6.0,1.0,1.0,6.0,6.0,1.0,6.0,6.0,6.0,6.0,6.0,6.0,1.0,1.0,1.0,6.0,1.0,1.0,6.0,1.0,6.0,6.0,1.0,1.0,1.0,1.0,6.0,6.0,1.0,6.0,1.0,1.0,6.0,6.0,1.0,1.0,6.0,1.0,1.0,6.0,1.0,6.0,6.0,1.0,6.0
7862,13.0,1.0,1.0,1.0,6.0,6.0,6.0,1.0,1.0,1.0,6.0,1.0,1.0,6.0,1.0,1.0,6.0,6.0,6.0,1.0,1.0,6.0,1.0,6.0,1.0,1.0,6.0,6.0,1.0,6.0,1.0,1.0,1.0,6.0,6.0,9.0,6.0,6.0,1.0,6.0,6.0,1.0,1.0,1.0,6.0,1.0,6.0,1.0,1.0,1.0,1.0,6.0,6.0,6.0,6.0,1.0,1.0,1.0,6.0,6.0,6.0,6.0,6.0,6.0,1.0,1.0,9.0,1.0,1.0,1.0,6.0,1.0,6.0,6.0,6.0,6.0,6.0,1.0,6.0,1.0,6.0,1.0,6.0,6.0,6.0,6.0,6.0,1.0,1.0,9.0,6.0,1.0,1.0,6.0,1.0,6.0
7998,13.0,1.0,6.0,6.0,1.0,1.0,1.0,6.0,6.0,6.0,1.0,1.0,1.0,6.0,6.0,9.0,1.0,1.0,9.0,9.0,9.0,1.0,1.0,1.0,1.0,1.0,1.0,9.0,9.0,9.0,9.0,9.0,9.0,9.0,9.0,1.0,6.0,6.0,1.0,6.0,6.0,1.0,1.0,1.0,6.0,1.0,6.0,6.0,1.0,1.0,1.0,6.0,6.0,6.0,1.0,9.0,1.0,1.0,6.0,1.0,1.0,6.0,1.0,6.0,1.0,1.0,9.0,9.0,9.0,9.0,9.0,9.0,6.0,1.0,6.0,6.0,6.0,1.0,1.0,1.0,1.0,1.0,6.0,9.0,1.0,6.0,1.0,6.0,1.0,1.0,1.0,6.0,6.0,1.0,1.0,1.0
8013,13.0,9.0,9.0,,,,,,,,,,,,,,,,,,,,,,,,,,,,,,,,,,,,,,,,,,,,,,,,,,,,,,,,,,,,,,,,,,,,,,,,,,,,,,,,,,,,,,,,,,,,,
8034,13.0,1.0,6.0,1.0,6.0,1.0,6.0,1.0,6.0,6.0,1.0,6.0,6.0,6.0,6.0,6.0,1.0,6.0,6.0,1.0,1.0,9.0,6.0,6.0,1.0,1.0,6.0,6.0,1.0,6.0,1.0,1.0,1.0,1.0,1.0,1.0,1.0,1.0,9.0,6.0,1.0,6.0,1.0,1.0,6.0,6.0,1.0,6.0,6.0,6.0,1.0,6.0,6.0,6.0,6.0,6.0,1.0,1.0,6.0,6.0,6.0,6.0,6.0,1.0,1.0,1.0,1.0,9.0,6.0,6.0,6.0,6.0,1.0,1.0,6.0,1.0,1.0,1.0,6.0,1.0,1.0,9.0,1.0,6.0,1.0,1.0,6.0,1.0,9.0,9.0,9.0,1.0,9.0,9.0,9.0,9.0
8078,13.0,1.0,6.0,6.0,6.0,1.0,1.0,1.0,6.0,6.0,6.0,6.0,6.0,6.0,6.0,6.0,1.0,1.0,6.0,9.0,1.0,6.0,6.0,1.0,6.0,6.0,6.0,6.0,1.0,6.0,6.0,1.0,1.0,6.0,1.0,6.0,6.0,6.0,1.0,6.0,1.0,1.0,1.0,6.0,6.0,1.0,6.0,6.0,1.0,1.0,1.0,6.0,1.0,1.0,6.0,1.0,1.0,6.0,6.0,6.0,6.0,6.0,6.0,6.0,9.0,6.0,6.0,1.0,1.0,1.0,1.0,1.0,6.0,1.0,6.0,1.0,1.0,6.0,1.0,1.0,6.0,1.0,1.0,6.0,1.0,6.0,6.0,1.0,1.0,9.0,6.0,6.0,1.0,6.0,1.0,1.0
8108,1.0,1.0,6.0,1.0,6.0,1.0,6.0,6.0,1.0,6.0,6.0,6.0,6.0,9.0,1.0,6.0,1.0,6.0,6.0,1.0,1.0,9.0,1.0,6.0,1.0,1.0,1.0,9.0,1.0,9.0,1.0,1.0,1.0,1.0,1.0,1.0,6.0,1.0,1.0,9.0,1.0,6.0,9.0,1.0,6.0,6.0,1.0,1.0,6.0,6.0,1.0,6.0,1.0,1.0,6.0,6.0,1.0,6.0,6.0,6.0,6.0,6.0,6.0,6.0,1.0,9.0,6.0,1.0,1.0,6.0,1.0,9.0,1.0,1.0,1.0,9.0,1.0,1.0,1.0,6.0,6.0,1.0,1.0,6.0,1.0,6.0,1.0,1.0,6.0,1.0,1.0,9.0,9.0,6.0,1.0,9.0
8122,13.0,9.0,6.0,6.0,1.0,6.0,1.0,6.0,1.0,1.0,1.0,6.0,1.0,6.0,6.0,1.0,6.0,1.0,1.0,1.0,1.0,6.0,6.0,6.0,1.0,1.0,1.0,1.0,6.0,6.0,6.0,1.0,1.0,1.0,6.0,1.0,6.0,9.0,1.0,6.0,6.0,6.0,1.0,1.0,6.0,1.0,1.0,1.0,6.0,1.0,1.0,6.0,6.0,6.0,6.0,1.0,1.0,1.0,6.0,1.0,1.0,6.0,1.0,6.0,1.0,1.0,6.0,1.0,1.0,1.0,1.0,6.0,1.0,6.0,1.0,9.0,6.0,1.0,6.0,6.0,6.0,1.0,6.0,6.0,1.0,6.0,1.0,6.0,1.0,6.0,1.0,6.0,6.0,6.0,1.0,6.0
8133,13.0,9.0,6.0,6.0,6.0,6.0,6.0,6.0,6.0,6.0,6.0,6.0,6.0,6.0,9.0,6.0,1.0,6.0,6.0,9.0,1.0,6.0,9.0,9.0,1.0,1.0,6.0,6.0,1.0,6.0,1.0,1.0,1.0,1.0,1.0,1.0,1.0,1.0,9.0,6.0,1.0,1.0,1.0,1.0,6.0,1.0,6.0,6.0,9.0,9.0,1.0,6.0,6.0,6.0,9.0,9.0,1.0,1.0,6.0,6.0,1.0,6.0,6.0,1.0,1.0,9.0,9.0,9.0,9.0,9.0,9.0,9.0,6.0,1.0,1.0,1.0,1.0,6.0,1.0,9.0,6.0,1.0,1.0,6.0,6.0,9.0,9.0,6.0,6.0,1.0,9.0,9.0,1.0,6.0,9.0,9.0
8228,13.0,1.0,1.0,1.0,6.0,1.0,6.0,1.0,1.0,6.0,6.0,6.0,1.0,1.0,1.0,6.0,6.0,6.0,6.0,1.0,1.0,9.0,1.0,6.0,1.0,6.0,9.0,6.0,1.0,1.0,6.0,6.0,1.0,1.0,6.0,1.0,6.0,6.0,9.0,9.0,1.0,1.0,1.0,1.0,6.0,6.0,1.0,6.0,1.0,1.0,1.0,6.0,1.0,1.0,6.0,1.0,1.0,6.0,6.0,6.0,6.0,1.0,6.0,6.0,1.0,1.0,6.0,1.0,1.0,1.0,9.0,9.0,6.0,1.0,1.0,1.0,1.0,9.0,1.0,1.0,1.0,1.0,1.0,6.0,6.0,1.0,1.0,1.0,1.0,1.0,6.0,1.0,1.0,9.0,9.0,9.0
8237,13.0,9.0,1.0,6.0,6.0,6.0,6.0,1.0,1.0,1.0,6.0,6.0,1.0,9.0,6.0,6.0,1.0,1.0,6.0,1.0,1.0,6.0,1.0,6.0,1.0,1.0,1.0,1.0,9.0,6.0,9.0,6.0,1.0,1.0,6.0,6.0,6.0,6.0,1.0,6.0,1.0,1.0,6.0,1.0,6.0,9.0,6.0,6.0,1.0,1.0,6.0,1.0,6.0,6.0,6.0,1.0,9.0,1.0,1.0,1.0,1.0,9.0,1.0,9.0,9.0,1.0,6.0,9.0,1.0,1.0,6.0,9.0,9.0,9.0,9.0,9.0,9.0,9.0,9.0,9.0,9.0,9.0,9.0,9.0,9.0,9.0,9.0,9.0,9.0,9.0,9.0,9.0,9.0,9.0,9.0,9.0
8302,13.0,1.0,1.0,1.0,6.0,1.0,6.0,1.0,6.0,1.0,1.0,1.0,1.0,6.0,1.0,1.0,1.0,6.0,6.0,1.0,1.0,6.0,1.0,1.0,1.0,6.0,9.0,9.0,9.0,6.0,9.0,9.0,1.0,1.0,1.0,6.0,1.0,6.0,1.0,6.0,1.0,6.0,6.0,6.0,1.0,6.0,1.0,6.0,1.0,1.0,6.0,1.0,1.0,1.0,6.0,1.0,6.0,6.0,1.0,6.0,6.0,1.0,1.0,1.0,9.0,9.0,1.0,1.0,1.0,1.0,9.0,9.0,9.0,1.0,9.0,1.0,9.0,6.0,1.0,1.0,1.0,9.0,9.0,9.0,9.0,9.0,9.0,1.0,9.0,9.0,9.0,9.0,6.0,1.0,1.0,1.0
8365,1.0,9.0,6.0,1.0,6.0,6.0,6.0,6.0,6.0,6.0,6.0,6.0,6.0,6.0,6.0,6.0,1.0,6.0,6.0,1.0,9.0,6.0,1.0,6.0,1.0,1.0,9.0,9.0,9.0,9.0,1.0,1.0,1.0,6.0,1.0,1.0,1.0,9.0,9.0,9.0,9.0,6.0,6.0,6.0,6.0,6.0,6.0,6.0,1.0,1.0,9.0,6.0,1.0,6.0,9.0,1.0,1.0,6.0,6.0,9.0,1.0,6.0,6.0,1.0,1.0,1.0,1.0,6.0,6.0,1.0,6.0,6.0,9.0,9.0,9.0,9.0,9.0,6.0,6.0,1.0,6.0,1.0,9.0,9.0,1.0,9.0,1.0,6.0,6.0,9.0,6.0,9.0,9.0,6.0,1.0,1.0
8582,13.0,6.0,6.0,6.0,6.0,6.0,6.0,6.0,6.0,6.0,6.0,6.0,6.0,6.0,6.0,6.0,1.0,1.0,6.0,6.0,1.0,6.0,6.0,1.0,6.0,6.0,6.0,6.0,1.0,6.0,1.0,1.0,1.0,6.0,6.0,6.0,1.0,6.0,1.0,6.0,1.0,6.0,6.0,1.0,6.0,6.0,1.0,6.0,1.0,1.0,6.0,1.0,6.0,6.0,6.0,1.0,6.0,1.0,1.0,1.0,1.0,1.0,1.0,1.0,9.0,9.0,6.0,6.0,1.0,1.0,6.0,1.0,6.0,1.0,6.0,1.0,6.0,6.0,6.0,1.0,6.0,1.0,1.0,1.0,1.0,1.0,6.0,1.0,1.0,6.0,1.0,6.0,1.0,6.0,1.0,1.0
8601,13.0,1.0,1.0,6.0,6.0,6.0,6.0,1.0,1.0,6.0,6.0,6.0,1.0,1.0,1.0,6.0,1.0,6.0,6.0,6.0,6.0,6.0,6.0,1.0,6.0,6.0,1.0,1.0,6.0,6.0,1.0,6.0,1.0,6.0,6.0,1.0,1.0,1.0,6.0,1.0,6.0,1.0,1.0,6.0,6.0,6.0,1.0,1.0,6.0,6.0,1.0,6.0,1.0,6.0,1.0,6.0,1.0,6.0,6.0,6.0,6.0,6.0,6.0,6.0,1.0,1.0,6.0,1.0,1.0,6.0,1.0,6.0,6.0,6.0,1.0,6.0,6.0,1.0,1.0,6.0,1.0,6.0,6.0,6.0,6.0,6.0,6.0,6.0,1.0,1.0,1.0,6.0,1.0,6.0,1.0,1.0
8656,13.0,9.0,1.0,6.0,1.0,6.0,6.0,1.0,6.0,1.0,1.0,1.0,1.0,1.0,6.0,6.0,1.0,6.0,6.0,1.0,9.0,9.0,1.0,1.0,1.0,1.0,6.0,6.0,1.0,6.0,9.0,9.0,1.0,1.0,6.0,6.0,9.0,9.0,1.0,6.0,9.0,1.0,1.0,6.0,6.0,6.0,1.0,6.0,1.0,1.0,1.0,9.0,1.0,1.0,9.0,1.0,1.0,1.0,9.0,9.0,9.0,9.0,6.0,1.0,9.0,1.0,9.0,9.0,9.0,9.0,9.0,9.0,9.0,9.0,9.0,9.0,9.0,6.0,9.0,1.0,6.0,1.0,1.0,9.0,9.0,9.0,9.0,9.0,9.0,9.0,9.0,1.0,6.0,6.0,1.0,1.0
8678,13.0,1.0,6.0,6.0,6.0,6.0,6.0,6.0,6.0,6.0,6.0,6.0,6.0,6.0,6.0,6.0,1.0,6.0,6.0,1.0,1.0,6.0,1.0,6.0,1.0,1.0,6.0,6.0,1.0,6.0,1.0,1.0,1.0,1.0,1.0,6.0,1.0,6.0,1.0,6.0,9.0,6.0,6.0,1.0,6.0,6.0,6.0,6.0,1.0,1.0,6.0,1.0,6.0,6.0,6.0,1.0,6.0,1.0,1.0,6.0,1.0,6.0,1.0,1.0,1.0,1.0,6.0,1.0,1.0,1.0,6.0,1.0,,,,,,,,,,,,,,,,,,,,,,,,
8696,13.0,1.0,1.0,6.0,6.0,6.0,6.0,6.0,6.0,6.0,6.0,6.0,6.0,6.0,6.0,6.0,1.0,6.0,6.0,1.0,9.0,1.0,6.0,1.0,6.0,6.0,6.0,9.0,1.0,1.0,9.0,1.0,1.0,1.0,1.0,6.0,9.0,6.0,9.0,1.0,9.0,9.0,1.0,6.0,6.0,6.0,1.0,6.0,1.0,1.0,1.0,6.0,1.0,1.0,6.0,1.0,1.0,6.0,6.0,6.0,6.0,6.0,6.0,6.0,1.0,1.0,9.0,9.0,1.0,1.0,1.0,1.0,6.0,1.0,6.0,1.0,1.0,6.0,6.0,1.0,1.0,1.0,1.0,6.0,6.0,6.0,6.0,9.0,9.0,1.0,6.0,6.0,6.0,6.0,1.0,1.0
8715,13.0,6.0,1.0,6.0,6.0,6.0,6.0,1.0,1.0,6.0,6.0,6.0,6.0,1.0,6.0,6.0,1.0,6.0,9.0,1.0,1.0,6.0,6.0,1.0,6.0,6.0,9.0,9.0,6.0,9.0,1.0,9.0,1.0,1.0,1.0,1.0,9.0,9.0,6.0,1.0,1.0,1.0,1.0,6.0,6.0,6.0,1.0,1.0,6.0,6.0,1.0,1.0,1.0,6.0,1.0,6.0,1.0,6.0,6.0,6.0,6.0,6.0,1.0,9.0,1.0,1.0,6.0,1.0,1.0,6.0,9.0,9.0,6.0,9.0,1.0,1.0,1.0,6.0,1.0,1.0,1.0,9.0,1.0,6.0,6.0,9.0,1.0,6.0,1.0,1.0,9.0,9.0,1.0,6.0,1.0,9.0
8782,13.0,1.0,9.0,1.0,6.0,1.0,6.0,1.0,9.0,6.0,6.0,6.0,6.0,1.0,1.0,6.0,1.0,9.0,9.0,1.0,1.0,6.0,1.0,6.0,9.0,9.0,1.0,1.0,6.0,1.0,6.0,1.0,1.0,1.0,6.0,1.0,6.0,1.0,1.0,6.0,1.0,9.0,9.0,9.0,9.0,9.0,9.0,9.0,9.0,9.0,9.0,9.0,9.0,9.0,6.0,1.0,9.0,1.0,1.0,6.0,6.0,1.0,1.0,6.0,9.0,9.0,6.0,1.0,1.0,6.0,9.0,9.0,9.0,1.0,9.0,9.0,6.0,9.0,9.0,9.0,6.0,1.0,9.0,6.0,9.0,9.0,1.0,6.0,9.0,9.0,9.0,9.0,9.0,9.0,9.0,9.0
8898,13.0,1.0,6.0,6.0,1.0,6.0,1.0,6.0,1.0,1.0,1.0,1.0,1.0,6.0,1.0,1.0,6.0,9.0,9.0,1.0,1.0,1.0,1.0,6.0,1.0,1.0,6.0,6.0,1.0,1.0,1.0,1.0,1.0,1.0,6.0,1.0,1.0,9.0,1.0,6.0,6.0,6.0,6.0,1.0,6.0,1.0,6.0,9.0,6.0,6.0,6.0,1.0,6.0,6.0,6.0,6.0,6.0,1.0,1.0,6.0,1.0,1.0,1.0,1.0,1.0,1.0,6.0,1.0,9.0,6.0,6.0,6.0,9.0,1.0,9.0,6.0,6.0,1.0,6.0,6.0,6.0,1.0,1.0,1.0,1.0,6.0,1.0,6.0,1.0,6.0,1.0,9.0,6.0,9.0,9.0,6.0
8901,1.0,1.0,9.0,6.0,1.0,1.0,1.0,6.0,6.0,1.0,6.0,6.0,1.0,6.0,1.0,1.0,9.0,6.0,6.0,1.0,1.0,6.0,1.0,1.0,1.0,1.0,1.0,1.0,6.0,1.0,1.0,1.0,1.0,1.0,6.0,9.0,1.0,6.0,6.0,1.0,1.0,6.0,6.0,1.0,9.0,9.0,9.0,6.0,9.0,9.0,1.0,9.0,9.0,9.0,1.0,6.0,6.0,1.0,1.0,1.0,1.0,1.0,9.0,9.0,1.0,1.0,9.0,9.0,9.0,9.0,9.0,9.0,1.0,1.0,6.0,1.0,9.0,1.0,6.0,1.0,9.0,1.0,1.0,6.0,1.0,1.0,6.0,1.0,1.0,6.0,1.0,9.0,6.0,9.0,1.0,6.0
8919,13.0,6.0,1.0,6.0,6.0,6.0,1.0,6.0,1.0,1.0,1.0,1.0,1.0,6.0,6.0,1.0,6.0,6.0,6.0,9.0,9.0,9.0,6.0,1.0,6.0,6.0,1.0,1.0,6.0,1.0,1.0,1.0,1.0,1.0,1.0,1.0,6.0,6.0,6.0,1.0,1.0,1.0,1.0,6.0,6.0,6.0,1.0,1.0,6.0,6.0,1.0,6.0,6.0,6.0,9.0,6.0,9.0,9.0,9.0,9.0,9.0,9.0,9.0,9.0,9.0,9.0,9.0,9.0,9.0,9.0,9.0,9.0,6.0,9.0,1.0,1.0,1.0,6.0,1.0,1.0,6.0,1.0,1.0,6.0,6.0,1.0,1.0,6.0,9.0,1.0,9.0,9.0,1.0,6.0,1.0,9.0
8927,13.0,1.0,6.0,1.0,6.0,6.0,6.0,1.0,6.0,6.0,6.0,6.0,6.0,6.0,1.0,6.0,1.0,6.0,9.0,6.0,1.0,6.0,1.0,1.0,9.0,6.0,6.0,6.0,1.0,1.0,9.0,1.0,1.0,9.0,9.0,6.0,6.0,9.0,1.0,6.0,9.0,1.0,1.0,6.0,6.0,6.0,1.0,6.0,1.0,1.0,1.0,6.0,6.0,6.0,6.0,1.0,1.0,1.0,6.0,6.0,9.0,6.0,6.0,6.0,1.0,1.0,6.0,1.0,1.0,1.0,6.0,1.0,9.0,1.0,6.0,1.0,9.0,6.0,6.0,1.0,1.0,1.0,6.0,6.0,1.0,9.0,6.0,1.0,9.0,9.0,1.0,9.0,9.0,9.0,9.0,1.0
8966,13.0,9.0,6.0,6.0,1.0,6.0,1.0,6.0,1.0,1.0,1.0,1.0,1.0,6.0,6.0,1.0,6.0,1.0,1.0,9.0,9.0,6.0,1.0,1.0,1.0,1.0,6.0,6.0,1.0,9.0,1.0,1.0,1.0,6.0,6.0,1.0,9.0,9.0,1.0,6.0,6.0,6.0,1.0,1.0,6.0,1.0,6.0,6.0,1.0,1.0,1.0,6.0,6.0,6.0,6.0,1.0,1.0,1.0,6.0,6.0,9.0,6.0,1.0,1.0,1.0,9.0,6.0,6.0,1.0,1.0,9.0,9.0,6.0,6.0,9.0,6.0,6.0,1.0,6.0,6.0,6.0,1.0,9.0,6.0,9.0,6.0,1.0,9.0,1.0,6.0,1.0,6.0,6.0,6.0,1.0,9.0
9101,13.0,9.0,1.0,1.0,1.0,6.0,6.0,6.0,1.0,1.0,1.0,6.0,1.0,1.0,1.0,1.0,6.0,1.0,9.0,1.0,1.0,6.0,6.0,1.0,1.0,6.0,6.0,6.0,1.0,1.0,1.0,1.0,1.0,1.0,6.0,1.0,6.0,6.0,1.0,6.0,6.0,1.0,1.0,1.0,6.0,1.0,6.0,6.0,6.0,6.0,1.0,6.0,6.0,6.0,1.0,6.0,1.0,1.0,6.0,6.0,1.0,6.0,6.0,6.0,1.0,1.0,6.0,1.0,9.0,9.0,9.0,9.0,1.0,1.0,6.0,6.0,6.0,1.0,6.0,1.0,1.0,1.0,6.0,6.0,1.0,6.0,1.0,9.0,1.0,6.0,1.0,1.0,6.0,6.0,1.0,6.0
9188,13.0,6.0,1.0,1.0,6.0,6.0,6.0,6.0,6.0,6.0,6.0,6.0,6.0,6.0,1.0,6.0,1.0,6.0,9.0,1.0,1.0,1.0,6.0,6.0,6.0,6.0,9.0,9.0,1.0,1.0,6.0,6.0,1.0,1.0,1.0,9.0,9.0,9.0,9.0,9.0,1.0,1.0,1.0,6.0,6.0,6.0,1.0,6.0,6.0,6.0,1.0,6.0,1.0,6.0,1.0,6.0,6.0,1.0,1.0,1.0,6.0,1.0,1.0,6.0,1.0,1.0,6.0,1.0,1.0,6.0,9.0,9.0,1.0,1.0,6.0,1.0,9.0,9.0,1.0,1.0,1.0,6.0,1.0,6.0,6.0,9.0,9.0,9.0,9.0,1.0,6.0,1.0,1.0,1.0,6.0,1.0
9222,13.0,1.0,6.0,1.0,6.0,6.0,6.0,6.0,6.0,1.0,6.0,6.0,1.0,6.0,1.0,6.0,1.0,1.0,9.0,1.0,1.0,6.0,1.0,6.0,1.0,1.0,1.0,1.0,6.0,6.0,1.0,1.0,1.0,1.0,6.0,1.0,6.0,9.0,1.0,6.0,9.0,6.0,9.0,1.0,6.0,1.0,6.0,1.0,1.0,6.0,1.0,6.0,6.0,6.0,1.0,6.0,9.0,9.0,6.0,1.0,1.0,1.0,6.0,6.0,1.0,1.0,6.0,1.0,1.0,6.0,6.0,6.0,1.0,1.0,6.0,6.0,6.0,1.0,6.0,6.0,6.0,1.0,6.0,6.0,1.0,6.0,1.0,1.0,1.0,6.0,1.0,1.0,6.0,6.0,1.0,9.0
9343,13.0,1.0,1.0,6.0,6.0,6.0,6.0,6.0,6.0,6.0,6.0,6.0,6.0,6.0,6.0,6.0,1.0,6.0,6.0,6.0,9.0,6.0,6.0,1.0,6.0,6.0,6.0,6.0,1.0,9.0,1.0,6.0,1.0,1.0,1.0,1.0,9.0,9.0,6.0,1.0,1.0,9.0,1.0,6.0,6.0,6.0,1.0,1.0,6.0,6.0,1.0,6.0,1.0,1.0,1.0,6.0,1.0,6.0,6.0,6.0,6.0,6.0,6.0,6.0,1.0,1.0,6.0,1.0,1.0,6.0,9.0,9.0,6.0,1.0,1.0,1.0,1.0,6.0,1.0,6.0,6.0,6.0,1.0,6.0,6.0,6.0,9.0,6.0,1.0,1.0,6.0,6.0,6.0,6.0,1.0,9.0
9402,13.0,1.0,6.0,1.0,6.0,6.0,6.0,6.0,1.0,1.0,6.0,6.0,1.0,6.0,1.0,1.0,6.0,1.0,1.0,1.0,1.0,1.0,1.0,6.0,1.0,1.0,1.0,1.0,6.0,1.0,1.0,1.0,1.0,1.0,6.0,1.0,6.0,6.0,1.0,6.0,1.0,6.0,1.0,1.0,6.0,6.0,1.0,6.0,6.0,1.0,1.0,6.0,6.0,6.0,6.0,1.0,1.0,1.0,6.0,6.0,6.0,6.0,6.0,6.0,1.0,1.0,6.0,6.0,6.0,1.0,6.0,6.0,1.0,1.0,9.0,1.0,1.0,9.0,6.0,1.0,6.0,1.0,6.0,1.0,1.0,1.0,1.0,6.0,9.0,6.0,1.0,1.0,6.0,6.0,1.0,9.0
9411,13.0,1.0,9.0,9.0,9.0,9.0,9.0,9.0,9.0,9.0,9.0,9.0,9.0,9.0,9.0,9.0,9.0,1.0,1.0,1.0,1.0,6.0,1.0,6.0,1.0,1.0,1.0,1.0,6.0,6.0,1.0,1.0,1.0,6.0,1.0,6.0,1.0,1.0,1.0,6.0,9.0,1.0,6.0,1.0,6.0,6.0,6.0,6.0,1.0,1.0,1.0,6.0,6.0,6.0,6.0,1.0,6.0,1.0,6.0,6.0,1.0,6.0,1.0,1.0,1.0,9.0,6.0,1.0,1.0,1.0,6.0,1.0,6.0,1.0,1.0,6.0,6.0,1.0,6.0,6.0,6.0,1.0,1.0,6.0,1.0,6.0,6.0,1.0,1.0,6.0,1.0,6.0,6.0,6.0,1.0,6.0
9447,13.0,1.0,6.0,1.0,6.0,6.0,6.0,6.0,6.0,6.0,6.0,6.0,6.0,6.0,1.0,6.0,1.0,9.0,9.0,6.0,9.0,6.0,1.0,1.0,1.0,1.0,1.0,1.0,6.0,9.0,9.0,1.0,1.0,6.0,9.0,9.0,6.0,1.0,1.0,6.0,9.0,6.0,1.0,6.0,6.0,6.0,6.0,6.0,1.0,6.0,1.0,6.0,6.0,6.0,6.0,6.0,1.0,6.0,6.0,6.0,6.0,6.0,6.0,6.0,1.0,1.0,6.0,1.0,1.0,6.0,1.0,6.0,6.0,1.0,9.0,6.0,6.0,1.0,6.0,6.0,6.0,1.0,6.0,1.0,1.0,1.0,6.0,6.0,1.0,6.0,6.0,1.0,6.0,6.0,1.0,6.0
9472,13.0,1.0,1.0,1.0,6.0,9.0,6.0,1.0,1.0,1.0,6.0,1.0,1.0,1.0,1.0,9.0,9.0,1.0,6.0,9.0,9.0,9.0,9.0,1.0,6.0,6.0,9.0,1.0,6.0,1.0,9.0,1.0,1.0,9.0,1.0,6.0,6.0,9.0,1.0,6.0,9.0,9.0,9.0,9.0,9.0,9.0,9.0,6.0,1.0,1.0,9.0,1.0,9.0,9.0,6.0,1.0,6.0,6.0,6.0,6.0,6.0,9.0,6.0,1.0,1.0,1.0,6.0,1.0,1.0,1.0,9.0,1.0,6.0,1.0,6.0,1.0,9.0,9.0,1.0,1.0,1.0,1.0,6.0,6.0,1.0,1.0,6.0,1.0,9.0,6.0,1.0,1.0,1.0,6.0,9.0,6.0
9496,13.0,1.0,6.0,6.0,1.0,6.0,1.0,6.0,6.0,1.0,1.0,9.0,1.0,6.0,9.0,1.0,9.0,6.0,6.0,6.0,9.0,1.0,6.0,1.0,6.0,6.0,1.0,1.0,6.0,1.0,1.0,1.0,1.0,1.0,1.0,1.0,9.0,9.0,6.0,1.0,6.0,1.0,9.0,6.0,6.0,6.0,6.0,1.0,6.0,6.0,9.0,1.0,6.0,6.0,1.0,6.0,9.0,6.0,1.0,6.0,6.0,1.0,9.0,1.0,1.0,1.0,6.0,6.0,1.0,6.0,6.0,6.0,6.0,1.0,1.0,1.0,1.0,6.0,9.0,6.0,9.0,9.0,9.0,9.0,9.0,9.0,9.0,9.0,9.0,9.0,9.0,9.0,9.0,9.0,9.0,9.0
9500,13.0,1.0,1.0,6.0,6.0,6.0,6.0,1.0,6.0,1.0,1.0,1.0,1.0,1.0,6.0,1.0,6.0,6.0,6.0,6.0,6.0,1.0,6.0,1.0,6.0,6.0,1.0,1.0,6.0,1.0,6.0,1.0,1.0,6.0,1.0,1.0,1.0,1.0,6.0,1.0,1.0,1.0,9.0,6.0,6.0,6.0,1.0,1.0,6.0,6.0,1.0,6.0,1.0,1.0,6.0,6.0,1.0,6.0,6.0,6.0,6.0,6.0,1.0,1.0,1.0,1.0,6.0,1.0,1.0,6.0,6.0,6.0,6.0,1.0,1.0,6.0,6.0,1.0,6.0,6.0,6.0,9.0,6.0,6.0,6.0,9.0,1.0,6.0,1.0,1.0,1.0,6.0,9.0,9.0,9.0,9.0
9569,13.0,1.0,6.0,6.0,6.0,6.0,6.0,6.0,6.0,6.0,6.0,6.0,6.0,6.0,6.0,6.0,1.0,1.0,9.0,1.0,1.0,9.0,6.0,6.0,6.0,6.0,1.0,1.0,6.0,6.0,9.0,1.0,1.0,6.0,1.0,1.0,9.0,6.0,6.0,1.0,9.0,1.0,1.0,1.0,6.0,6.0,1.0,6.0,9.0,1.0,1.0,6.0,6.0,6.0,6.0,1.0,9.0,9.0,6.0,6.0,6.0,1.0,6.0,6.0,1.0,1.0,6.0,1.0,1.0,1.0,6.0,6.0,6.0,1.0,9.0,6.0,6.0,1.0,6.0,6.0,6.0,1.0,6.0,6.0,6.0,6.0,6.0,1.0,9.0,6.0,6.0,6.0,6.0,6.0,1.0,9.0
9597,13.0,6.0,6.0,1.0,6.0,1.0,6.0,1.0,6.0,6.0,6.0,6.0,6.0,6.0,1.0,6.0,1.0,6.0,6.0,1.0,1.0,6.0,6.0,6.0,9.0,6.0,6.0,6.0,1.0,6.0,6.0,1.0,1.0,1.0,6.0,1.0,6.0,6.0,1.0,6.0,1.0,6.0,1.0,6.0,6.0,6.0,1.0,6.0,1.0,1.0,1.0,6.0,1.0,1.0,6.0,1.0,6.0,6.0,6.0,6.0,6.0,6.0,6.0,6.0,1.0,1.0,6.0,1.0,1.0,1.0,1.0,1.0,6.0,1.0,6.0,1.0,1.0,6.0,1.0,1.0,6.0,1.0,1.0,6.0,9.0,9.0,6.0,1.0,1.0,6.0,1.0,6.0,6.0,1.0,1.0,6.0
9631,1.0,1.0,,,,,,,,,,,,,,,,,,,,,,,,,,,,,,,,,,,,,,,,,,,,,,,,,,1.0,,,,,,,,,,,,,,,,,,,,,,,,,,,,,,,,,,,,,,,,,,,,
9635,1.0,6.0,1.0,6.0,6.0,6.0,1.0,6.0,6.0,6.0,1.0,9.0,9.0,6.0,6.0,1.0,1.0,6.0,6.0,1.0,1.0,9.0,1.0,1.0,1.0,6.0,6.0,6.0,1.0,1.0,1.0,9.0,9.0,9.0,9.0,6.0,9.0,6.0,6.0,1.0,9.0,9.0,9.0,9.0,9.0,9.0,9.0,9.0,9.0,9.0,9.0,9.0,9.0,9.0,6.0,1.0,1.0,6.0,6.0,6.0,1.0,6.0,9.0,6.0,1.0,1.0,9.0,9.0,6.0,1.0,6.0,1.0,,,,,,,,,,,,,,,,,,,,,,,,
9644,13.0,1.0,1.0,1.0,6.0,1.0,6.0,6.0,1.0,1.0,6.0,6.0,1.0,6.0,1.0,1.0,9.0,6.0,6.0,6.0,6.0,1.0,6.0,1.0,6.0,6.0,6.0,6.0,1.0,6.0,1.0,1.0,1.0,1.0,6.0,1.0,1.0,6.0,1.0,6.0,6.0,1.0,1.0,1.0,6.0,6.0,1.0,1.0,6.0,6.0,1.0,6.0,1.0,6.0,6.0,6.0,1.0,6.0,6.0,6.0,6.0,6.0,6.0,6.0,1.0,9.0,9.0,6.0,9.0,6.0,6.0,9.0,6.0,6.0,1.0,6.0,6.0,1.0,1.0,6.0,9.0,9.0,6.0,1.0,6.0,6.0,1.0,6.0,1.0,1.0,1.0,1.0,6.0,9.0,1.0,1.0
9738,13.0,9.0,1.0,9.0,9.0,6.0,6.0,1.0,1.0,1.0,6.0,6.0,1.0,1.0,1.0,1.0,6.0,9.0,9.0,9.0,6.0,6.0,1.0,1.0,1.0,6.0,6.0,6.0,1.0,6.0,9.0,1.0,1.0,9.0,1.0,6.0,9.0,9.0,6.0,1.0,1.0,1.0,6.0,6.0,6.0,6.0,1.0,6.0,1.0,1.0,1.0,6.0,1.0,1.0,6.0,1.0,9.0,6.0,6.0,6.0,6.0,9.0,6.0,1.0,9.0,9.0,6.0,1.0,1.0,1.0,6.0,1.0,9.0,1.0,1.0,9.0,6.0,1.0,1.0,1.0,6.0,9.0,1.0,6.0,6.0,6.0,6.0,1.0,9.0,1.0,9.0,1.0,6.0,9.0,9.0,1.0
9800,13.0,1.0,1.0,1.0,6.0,1.0,6.0,1.0,1.0,1.0,6.0,6.0,1.0,1.0,1.0,1.0,6.0,6.0,6.0,1.0,1.0,6.0,1.0,1.0,9.0,6.0,6.0,6.0,1.0,6.0,1.0,1.0,1.0,1.0,6.0,1.0,1.0,6.0,1.0,6.0,1.0,1.0,6.0,1.0,6.0,1.0,6.0,6.0,1.0,1.0,1.0,6.0,6.0,6.0,6.0,1.0,1.0,1.0,6.0,9.0,1.0,1.0,6.0,1.0,1.0,1.0,9.0,6.0,1.0,1.0,6.0,6.0,6.0,1.0,6.0,1.0,1.0,1.0,1.0,6.0,6.0,1.0,1.0,6.0,1.0,9.0,1.0,6.0,6.0,1.0,1.0,1.0,6.0,1.0,1.0,1.0
9829,1.0,1.0,6.0,6.0,6.0,9.0,9.0,6.0,6.0,6.0,6.0,9.0,9.0,9.0,9.0,9.0,1.0,1.0,1.0,6.0,9.0,9.0,9.0,9.0,9.0,9.0,9.0,9.0,9.0,9.0,9.0,1.0,1.0,6.0,1.0,9.0,1.0,9.0,9.0,9.0,1.0,6.0,1.0,1.0,6.0,1.0,6.0,6.0,1.0,1.0,1.0,6.0,6.0,6.0,9.0,9.0,1.0,1.0,6.0,1.0,1.0,6.0,6.0,1.0,1.0,1.0,9.0,6.0,1.0,9.0,6.0,1.0,1.0,9.0,6.0,1.0,1.0,9.0,9.0,9.0,9.0,9.0,1.0,6.0,6.0,9.0,6.0,1.0,9.0,9.0,9.0,1.0,6.0,6.0,1.0,9.0
9999,13.0,1.0,6.0,6.0,6.0,6.0,6.0,6.0,6.0,6.0,6.0,6.0,6.0,6.0,6.0,6.0,1.0,9.0,6.0,6.0,1.0,6.0,6.0,6.0,6.0,6.0,1.0,1.0,6.0,1.0,1.0,1.0,1.0,1.0,9.0,1.0,1.0,1.0,1.0,9.0,6.0,1.0,1.0,6.0,6.0,6.0,6.0,9.0,1.0,1.0,1.0,6.0,1.0,1.0,6.0,9.0,1.0,6.0,6.0,6.0,6.0,6.0,6.0,6.0,1.0,1.0,6.0,1.0,1.0,6.0,1.0,6.0,6.0,1.0,6.0,1.0,9.0,1.0,1.0,1.0,1.0,1.0,6.0,6.0,6.0,1.0,1.0,6.0,1.0,1.0,1.0,1.0,6.0,6.0,1.0,1.0
10042,13.0,1.0,6.0,6.0,1.0,6.0,1.0,6.0,1.0,1.0,1.0,1.0,1.0,6.0,6.0,1.0,6.0,1.0,1.0,1.0,1.0,6.0,6.0,6.0,1.0,1.0,6.0,6.0,1.0,1.0,1.0,1.0,1.0,6.0,6.0,1.0,6.0,1.0,1.0,6.0,6.0,6.0,1.0,1.0,9.0,6.0,1.0,1.0,6.0,6.0,1.0,6.0,6.0,6.0,6.0,6.0,1.0,1.0,6.0,6.0,6.0,9.0,6.0,6.0,9.0,1.0,6.0,1.0,1.0,6.0,1.0,1.0,1.0,1.0,1.0,6.0,6.0,1.0,1.0,6.0,6.0,1.0,6.0,1.0,6.0,1.0,1.0,6.0,1.0,6.0,1.0,1.0,6.0,6.0,1.0,6.0
10069,1.0,1.0,6.0,6.0,6.0,6.0,6.0,6.0,6.0,6.0,6.0,6.0,6.0,6.0,6.0,6.0,1.0,1.0,6.0,9.0,9.0,6.0,9.0,6.0,1.0,1.0,6.0,6.0,1.0,6.0,1.0,9.0,1.0,6.0,6.0,1.0,6.0,6.0,6.0,1.0,1.0,6.0,6.0,6.0,6.0,6.0,1.0,9.0,9.0,9.0,6.0,6.0,6.0,6.0,9.0,9.0,9.0,9.0,9.0,9.0,9.0,9.0,9.0,9.0,9.0,9.0,9.0,9.0,9.0,9.0,9.0,9.0,,,,,,,,,,,,,,,,,,,,,,,,
10155,13.0,6.0,1.0,6.0,6.0,6.0,6.0,6.0,6.0,6.0,1.0,6.0,1.0,6.0,6.0,1.0,1.0,1.0,1.0,6.0,6.0,1.0,6.0,1.0,6.0,6.0,1.0,1.0,6.0,1.0,1.0,6.0,1.0,6.0,1.0,6.0,1.0,1.0,6.0,1.0,6.0,1.0,1.0,1.0,6.0,6.0,1.0,1.0,1.0,1.0,1.0,6.0,1.0,1.0,6.0,1.0,1.0,6.0,6.0,6.0,6.0,6.0,1.0,1.0,6.0,1.0,6.0,1.0,1.0,1.0,1.0,1.0,6.0,6.0,1.0,6.0,6.0,1.0,6.0,6.0,6.0,6.0,6.0,6.0,6.0,1.0,1.0,1.0,1.0,6.0,6.0,9.0,1.0,6.0,1.0,6.0
10170,13.0,1.0,1.0,6.0,6.0,6.0,6.0,6.0,1.0,1.0,6.0,6.0,1.0,1.0,1.0,1.0,6.0,6.0,6.0,6.0,6.0,6.0,6.0,1.0,6.0,6.0,6.0,6.0,1.0,6.0,1.0,6.0,1.0,6.0,1.0,1.0,6.0,1.0,6.0,1.0,6.0,1.0,1.0,6.0,6.0,6.0,1.0,1.0,6.0,6.0,1.0,6.0,1.0,1.0,1.0,6.0,1.0,6.0,6.0,6.0,6.0,6.0,6.0,6.0,6.0,6.0,6.0,1.0,1.0,6.0,1.0,6.0,6.0,6.0,1.0,6.0,6.0,1.0,6.0,6.0,6.0,6.0,1.0,6.0,6.0,6.0,1.0,6.0,1.0,1.0,6.0,6.0,1.0,6.0,1.0,1.0
10196,13.0,1.0,1.0,1.0,6.0,6.0,6.0,6.0,1.0,6.0,6.0,6.0,6.0,6.0,6.0,6.0,1.0,6.0,1.0,1.0,1.0,1.0,1.0,6.0,1.0,1.0,6.0,6.0,1.0,1.0,1.0,1.0,1.0,1.0,6.0,6.0,6.0,6.0,6.0,1.0,6.0,1.0,9.0,6.0,1.0,1.0,1.0,6.0,6.0,6.0,6.0,1.0,6.0,6.0,6.0,6.0,6.0,6.0,1.0,6.0,9.0,1.0,6.0,1.0,1.0,1.0,1.0,6.0,1.0,6.0,6.0,6.0,1.0,1.0,1.0,6.0,6.0,1.0,1.0,6.0,6.0,1.0,6.0,6.0,6.0,1.0,1.0,6.0,6.0,6.0,1.0,6.0,9.0,6.0,1.0,6.0
10237,13.0,1.0,1.0,6.0,1.0,9.0,9.0,1.0,6.0,1.0,1.0,6.0,1.0,1.0,1.0,1.0,6.0,6.0,6.0,6.0,9.0,1.0,6.0,1.0,6.0,6.0,1.0,9.0,9.0,1.0,1.0,1.0,1.0,6.0,6.0,1.0,1.0,1.0,6.0,1.0,6.0,9.0,9.0,9.0,1.0,6.0,1.0,1.0,6.0,6.0,1.0,1.0,1.0,1.0,1.0,6.0,1.0,6.0,1.0,6.0,6.0,1.0,1.0,1.0,1.0,1.0,6.0,1.0,9.0,6.0,9.0,6.0,6.0,1.0,1.0,6.0,6.0,1.0,6.0,6.0,6.0,1.0,1.0,6.0,6.0,9.0,1.0,6.0,9.0,1.0,6.0,6.0,6.0,1.0,1.0,1.0
10333,13.0,1.0,6.0,1.0,6.0,6.0,6.0,6.0,6.0,1.0,6.0,6.0,1.0,6.0,1.0,6.0,1.0,1.0,1.0,1.0,1.0,9.0,1.0,6.0,1.0,1.0,6.0,6.0,1.0,6.0,1.0,1.0,1.0,1.0,6.0,1.0,6.0,9.0,1.0,6.0,6.0,1.0,1.0,1.0,6.0,6.0,1.0,1.0,6.0,6.0,1.0,6.0,9.0,6.0,1.0,6.0,1.0,1.0,6.0,6.0,6.0,6.0,6.0,6.0,1.0,1.0,6.0,6.0,6.0,6.0,6.0,6.0,6.0,1.0,1.0,1.0,6.0,1.0,6.0,1.0,6.0,1.0,9.0,6.0,1.0,1.0,1.0,6.0,6.0,1.0,6.0,6.0,1.0,6.0,1.0,1.0
10342,13.0,1.0,6.0,6.0,1.0,1.0,1.0,6.0,6.0,6.0,1.0,6.0,1.0,6.0,1.0,1.0,6.0,6.0,6.0,1.0,1.0,6.0,1.0,1.0,1.0,6.0,1.0,1.0,6.0,1.0,6.0,1.0,1.0,1.0,6.0,1.0,6.0,6.0,1.0,6.0,1.0,6.0,1.0,1.0,6.0,1.0,6.0,1.0,6.0,6.0,1.0,6.0,6.0,6.0,1.0,6.0,1.0,1.0,6.0,6.0,6.0,6.0,6.0,6.0,1.0,1.0,6.0,6.0,6.0,6.0,6.0,6.0,9.0,1.0,6.0,9.0,6.0,6.0,1.0,1.0,6.0,1.0,1.0,6.0,1.0,1.0,9.0,1.0,6.0,6.0,6.0,1.0,6.0,9.0,9.0,6.0
10358,13.0,1.0,1.0,6.0,6.0,6.0,6.0,1.0,1.0,1.0,1.0,1.0,1.0,1.0,1.0,1.0,6.0,6.0,6.0,9.0,1.0,6.0,6.0,1.0,1.0,1.0,6.0,6.0,1.0,6.0,6.0,1.0,1.0,6.0,6.0,6.0,1.0,9.0,1.0,6.0,1.0,1.0,1.0,6.0,6.0,6.0,1.0,6.0,1.0,1.0,1.0,6.0,1.0,1.0,6.0,1.0,1.0,6.0,6.0,6.0,6.0,6.0,6.0,6.0,1.0,1.0,9.0,9.0,1.0,1.0,1.0,1.0,6.0,1.0,6.0,1.0,1.0,1.0,1.0,1.0,6.0,1.0,6.0,6.0,1.0,6.0,6.0,1.0,9.0,9.0,1.0,6.0,6.0,6.0,1.0,9.0
10374,1.0,1.0,6.0,1.0,6.0,6.0,6.0,1.0,1.0,6.0,6.0,9.0,9.0,9.0,9.0,9.0,9.0,9.0,9.0,1.0,1.0,1.0,6.0,6.0,6.0,6.0,6.0,6.0,1.0,6.0,1.0,1.0,1.0,6.0,1.0,1.0,6.0,6.0,1.0,6.0,1.0,1.0,1.0,1.0,6.0,6.0,6.0,6.0,6.0,6.0,1.0,6.0,6.0,6.0,6.0,1.0,1.0,1.0,6.0,6.0,6.0,6.0,6.0,1.0,1.0,1.0,1.0,1.0,6.0,6.0,6.0,6.0,,,,,,,,,,,,,,,,,,,,,,,,
10396,13.0,6.0,6.0,6.0,6.0,6.0,6.0,6.0,6.0,6.0,6.0,9.0,9.0,9.0,6.0,6.0,1.0,6.0,6.0,1.0,1.0,6.0,1.0,1.0,1.0,1.0,1.0,6.0,1.0,9.0,9.0,1.0,1.0,1.0,1.0,6.0,1.0,1.0,6.0,1.0,9.0,6.0,6.0,1.0,6.0,6.0,1.0,6.0,1.0,1.0,6.0,1.0,6.0,6.0,6.0,1.0,6.0,1.0,9.0,9.0,9.0,9.0,9.0,9.0,6.0,1.0,6.0,9.0,6.0,6.0,6.0,1.0,9.0,9.0,1.0,1.0,1.0,6.0,1.0,6.0,6.0,1.0,1.0,6.0,9.0,1.0,6.0,1.0,9.0,9.0,9.0,9.0,6.0,6.0,1.0,9.0
99873,13.0,9.0,9.0,9.0,9.0,9.0,9.0,9.0,9.0,9.0,9.0,9.0,9.0,9.0,9.0,9.0,9.0,9.0,9.0,9.0,9.0,9.0,9.0,9.0,9.0,9.0,9.0,9.0,9.0,9.0,9.0,9.0,9.0,9.0,9.0,9.0,9.0,9.0,9.0,9.0,9.0,9.0,9.0,9.0,9.0,9.0,9.0,9.0,9.0,9.0,9.0,9.0,9.0,9.0,9.0,9.0,9.0,9.0,9.0,9.0,9.0,9.0,9.0,9.0,9.0,9.0,9.0,9.0,9.0,9.0,9.0,9.0,9.0,9.0,9.0,9.0,9.0,9.0,9.0,9.0,9.0,9.0,9.0,9.0,9.0,9.0,9.0,1.0,9.0,9.0,9.0,9.0,9.0,9.0,9.0,1.0
993,13.0,,1.0,6.0,6.0,9.0,6.0,1.0,1.0,1.0,1.0,1.0,1.0,1.0,6.0,6.0,1.0,9.0,9.0,9.0,9.0,9.0,1.0,1.0,1.0,1.0,9.0,9.0,1.0,9.0,9.0,9.0,1.0,1.0,1.0,6.0,1.0,9.0,1.0,6.0,1.0,1.0,1.0,6.0,6.0,6.0,1.0,6.0,1.0,1.0,1.0,6.0,1.0,1.0,6.0,1.0,6.0,6.0,1.0,1.0,1.0,1.0,1.0,1.0,9.0,1.0,9.0,9.0,9.0,9.0,9.0,9.0,9.0,9.0,9.0,1.0,1.0,9.0,6.0,1.0,1.0,1.0,1.0,6.0,1.0,1.0,9.0,9.0,1.0,6.0,6.0,1.0,6.0,1.0,1.0,1.0
9632,1.0,,,,,,,,,,,,,,,,,,,,,,6.0,9.0,6.0,1.0,,6.0,,1.0,9.0,1.0,1.0,1.0,1.0,1.0,1.0,9.0,1.0,6.0,1.0,1.0,6.0,1.0,6.0,6.0,1.0,6.0,1.0,1.0,6.0,,6.0,6.0,6.0,1.0,6.0,6.0,1.0,6.0,6.0,1.0,6.0,1.0,9.0,9.0,9.0,9.0,1.0,9.0,9.0,9.0,1.0,1.0,1.0,1.0,1.0,6.0,6.0,6.0,6.0,1.0,1.0,6.0,1.0,1.0,6.0,1.0,1.0,9.0,9.0,1.0,6.0,6.0,1.0,9.0
7792,13.0,,,,,,,,,,,,,,,,,,,,,,,,,,,9.0,9.0,6.0,1.0,1.0,9.0,9.0,9.0,6.0,1.0,1.0,6.0,1.0,9.0,6.0,9.0,9.0,9.0,9.0,9.0,6.0,1.0,1.0,1.0,6.0,1.0,1.0,1.0,6.0,1.0,6.0,6.0,6.0,6.0,6.0,1.0,1.0,1.0,1.0,6.0,9.0,1.0,6.0,1.0,9.0,6.0,1.0,9.0,9.0,1.0,1.0,6.0,9.0,6.0,9.0,1.0,6.0,6.0,1.0,6.0,1.0,1.0,6.0,9.0,6.0,6.0,9.0,9.0,6.0
1547,13.0,,,,,,,,,,,,,,,,,,,,,,,,,,,,,,,,,,,,,,,,,,,,,,,,,,,,,,,,,,,,,,,,,,,,,,,,1.0,1.0,1.0,9.0,1.0,1.0,1.0,6.0,9.0,9.0,1.0,6.0,6.0,6.0,9.0,1.0,6.0,1.0,6.0,1.0,6.0,9.0,1.0,9.0
3284,1.0,,,,,,,,,,,,,,,,,,,,,,,,,,,,,,,,,,,,,,,,,,,,,,,,,,,,,,,,,,,,,,,,,,,,,,,,6.0,1.0,6.0,6.0,1.0,1.0,6.0,9.0,6.0,1.0,9.0,6.0,9.0,9.0,6.0,6.0,1.0,9.0,9.0,9.0,6.0,9.0,9.0,9.0
3293,13.0,,,,,,,,,,,,,,,,,,,,,,,,,,,,,,,,,,,,,,,,,,,,,,,,,,,,,,,,,,,,,,,,,,,,,,,,6.0,1.0,6.0,1.0,1.0,9.0,1.0,1.0,9.0,1.0,1.0,6.0,1.0,1.0,1.0,6.0,1.0,9.0,1.0,1.0,6.0,6.0,1.0,9.0
3727,13.0,,,,,,,,,,,,,,,,,,,,,,,,,,,,,,,,,,,,,,,,,,,,,,,,,,,,,,,,,,,,,,,,,,,,,,,,6.0,1.0,9.0,1.0,9.0,6.0,9.0,9.0,9.0,9.0,9.0,6.0,6.0,1.0,9.0,1.0,6.0,1.0,6.0,1.0,1.0,9.0,1.0,9.0
3991,13.0,,,,,,,,,,,,,,,,,,,,,,,,,,,,,,,,,,,,,,,,,,,,,,,,,,,,,,,,,,,,,,,,,,,,,,,,1.0,9.0,6.0,1.0,1.0,6.0,1.0,1.0,1.0,9.0,1.0,6.0,6.0,1.0,6.0,1.0,6.0,1.0,6.0,1.0,1.0,6.0,1.0,9.0
4109,13.0,,,,,,,,,,,,,,,,,,,,,,,,,,,,,,,,,,,,,,,,,,,,,,,,,,,,,,,,,,,,,,,,,,,,,,,,1.0,1.0,6.0,6.0,1.0,1.0,6.0,1.0,6.0,1.0,1.0,1.0,1.0,1.0,6.0,1.0,6.0,6.0,1.0,6.0,6.0,1.0,9.0,6.0
4811,13.0,,,,,,,,,,,,,,,,,,,,,,,,,,,,,,,,,,,,,,,,,,,,,,,,,,,,,,,,,,,,,,,,,,,,,,,,1.0,1.0,6.0,1.0,1.0,6.0,6.0,1.0,6.0,1.0,9.0,6.0,1.0,6.0,1.0,6.0,6.0,6.0,9.0,1.0,1.0,6.0,1.0,6.0
4926,13.0,,,,,,,,,,,,,,,,,,,,,,,,,,,,,,,,,,,,,,,,,,,,,,,,,,,,,,,,,,,,,,,,,,,,,,,,6.0,1.0,6.0,1.0,1.0,6.0,6.0,1.0,9.0,1.0,6.0,6.0,1.0,1.0,6.0,1.0,9.0,1.0,1.0,1.0,6.0,6.0,1.0,1.0
6307,13.0,,,,,,,,,,,,,,,,,,,,,,,,,,,,,,,,,,,,,,,,,,,,,,,,,,,,,,,,,,,,,,,,,,,,,,,,1.0,1.0,9.0,9.0,1.0,6.0,1.0,1.0,1.0,1.0,1.0,6.0,1.0,6.0,6.0,1.0,1.0,1.0,1.0,9.0,9.0,6.0,1.0,1.0
8014,1.0,,,,,,,,,,,,,,,,,,,,,,,,,,,,,,,,,,,,,,,,,,,,,,,,,,,,,,,,,,,,,,,,,,,,,,,,6.0,6.0,1.0,9.0,1.0,1.0,6.0,6.0,9.0,1.0,9.0,6.0,6.0,6.0,9.0,6.0,1.0,6.0,1.0,9.0,9.0,6.0,1.0,9.0
8894,1.0,,,,,,,,,,,,,,,,,,,,,,,,,,,,,,,,,,,,,,,,,,,,,,,,,,,,,,,,,,,,,,,,,,,,,,,,1.0,1.0,9.0,1.0,9.0,6.0,6.0,1.0,1.0,9.0,1.0,6.0,6.0,1.0,6.0,1.0,9.0,9.0,9.0,9.0,6.0,9.0,1.0,9.0
9550,13.0,,,,,,,,,,,,,,,,,,,,,,,,,,,,,,,,,,,,,,,,,,,,,,,,,,,,,,,,,,,,,,,,,,,,,,,,6.0,1.0,6.0,1.0,1.0,1.0,6.0,1.0,1.0,1.0,6.0,6.0,1.0,6.0,6.0,1.0,1.0,6.0,9.0,1.0,1.0,6.0,1.0,1.0
