congress,chamber,rollnumber,icpsr,cast_code,prob
3,Senate,1,951,1,85.2
3,Senate,1,956,6,44.2
3,Senate,1,1118,6,87.2
3,Senate,1,1302,6,98.0
3,Senate,1,1346,6,95.9
3,Senate,1,1384,1,81.7
3,Senate,1,2866,6,98.3
3,Senate,1,2936,1,88.5
3,Senate,1,3315,1,91.1
3,Senate,1,3361,6,38.8
3,Senate,1,3437,6,54.5
3,Senate,1,3877,9,63.1
3,Senate,1,4212,9,75.2
3,Senate,1,4333,9,40.8
3,Senate,1,4837,1,56.2
3,Senate,1,4854,6,77.4
3,Senate,1,5270,1,65.6
3,Senate,1,5449,1,34.3
3,Senate,1,5713,6,8.8
3,Senate,1,6012,6,86.1
3,Senate,1,6574,1,68.9
3,Senate,1,6594,6,96.9
3,Senate,1,6712,1,57.4
3,Senate,1,7564,9,48.7
3,Senate,1,7989,9,62.8
3,Senate,1,8150,6,36.8
3,Senate,1,9028,1,87.7
3,Senate,1,9215,6,98.2
3,Senate,1,9676,1,65.9
3,Senate,2,951,6,46.0
3,Senate,2,956,6,100.0
3,Senate,2,1118,6,100.0
3,Senate,2,1302,6,98.5
3,Senate,2,1346,6,100.0
3,Senate,2,1384,1,59.3
3,Senate,2,2866,6,99.9
3,Senate,2,2936,1,77.8
3,Senate,2,3315,1,38.4
3,Senate,2,3361,6,88.9
3,Senate,2,3437,6,100.0
3,Senate,2,3877,9,100.0
3,Senate,2,4212,6,100.0
3,Senate,2,4333,9,100.0
3,Senate,2,4837,6,100.0
3,Senate,2,4854,6,100.0
3,Senate,2,5270,6,99.6
3,Senate,2,5449,6,99.6
3,Senate,2,5713,6,47.6
3,Senate,2,6012,6,100.0
3,Senate,2,6574,6,95.4
3,Senate,2,6594,6,100.0
3,Senate,2,6712,9,99.9
3,Senate,2,7564,9,100.0
3,Senate,2,7989,6,84.0
3,Senate,2,8150,6,92.5
3,Senate,2,9028,1,81.4
3,Senate,2,9215,6,99.8
3,Senate,2,9676,6,99.9
3,Senate,3,951,6,100.0
3,Senate,3,956,6,98.9
3,Senate,3,1118,1,94.3
3,Senate,3,1302,1,99.0
3,Senate,3,1346,1,100.0
3,Senate,3,1384,6,100.0
3,Senate,3,2866,1,99.9
3,Senate,3,2936,6,100.0
3,Senate,3,3315,6,100.0
3,Senate,3,3361,6,100.0
3,Senate,3,3437,9,9.0
3,Senate,3,3877,1,50.4
3,Senate,3,4212,1,77.2
3,Senate,3,4333,6,79.4
3,Senate,3,4837,6,99.5
3,Senate,3,4854,6,39.7
3,Senate,3,5270,6,100.0
3,Senate,3,5449,6,70.4
3,Senate,3,5713,6,100.0
3,Senate,3,6012,1,98.6
3,Senate,3,6574,9,100.0
3,Senate,3,6594,1,99.9
3,Senate,3,6712,6,99.8
3,Senate,3,7564,6,92.2
3,Senate,3,7989,1,37.0
3,Senate,3,8150,6,100.0
3,Senate,3,9028,6,100.0
3,Senate,3,9215,1,99.8
3,Senate,3,9676,6,100.0
3,Senate,4,951,1,100.0
3,Senate,4,956,1,99.9
3,Senate,4,1118,6,79.6
3,Senate,4,1302,6,99.6
3,Senate,4,1346,6,99.9
3,Senate,4,1384,1,100.0
3,Senate,4,2866,6,99.9
3,Senate,4,2936,1,100.0
3,Senate,4,3315,1,100.0
3,Senate,4,3361,1,99.9
3,Senate,4,3437,9,1.0
3,Senate,4,3877,1,76.1
3,Senate,4,4212,6,45.0
3,Senate,4,4333,1,94.3
3,Senate,4,4837,1,99.7
3,Senate,4,4854,1,72.5
3,Senate,4,5270,1,100.0
3,Senate,4,5449,1,93.1
3,Senate,4,5713,1,100.0
3,Senate,4,6012,6,91.7
3,Senate,4,6574,9,100.0
3,Senate,4,6594,6,99.9
3,Senate,4,6712,1,99.5
3,Senate,4,7564,1,96.3
3,Senate,4,7989,9,15.1
3,Senate,4,8150,1,100.0
3,Senate,4,9028,1,100.0
3,Senate,4,9215,6,99.9
3,Senate,4,9676,1,100.0
3,Senate,5,951,1,99.9
3,Senate,5,956,1,100.0
3,Senate,5,1118,1,100.0
3,Senate,5,1302,1,100.0
3,Senate,5,1346,1,100.0
3,Senate,5,1384,1,99.1
3,Senate,5,2866,1,100.0
3,Senate,5,2936,1,100.0
3,Senate,5,3315,1,100.0
3,Senate,5,3361,1,47.2
3,Senate,5,3437,6,0.0
3,Senate,5,3877,9,100.0
3,Senate,5,4212,1,100.0
3,Senate,5,4333,9,100.0
3,Senate,5,4837,1,99.7
3,Senate,5,4854,1,100.0
3,Senate,5,5270,1,99.0
3,Senate,5,5449,1,100.0
3,Senate,5,5713,1,100.0
3,Senate,5,6012,1,100.0
3,Senate,5,6574,1,95.6
3,Senate,5,6594,1,100.0
3,Senate,5,6712,9,88.3
3,Senate,5,7564,9,99.6
3,Senate,5,7989,1,100.0
3,Senate,5,8150,6,31.1
3,Senate,5,9028,1,99.9
3,Senate,5,9215,1,100.0
3,Senate,5,9676,1,99.9
3,Senate,6,951,6,100.0
3,Senate,6,956,1,75.6
3,Senate,6,1118,1,99.5
3,Senate,6,1302,1,88.4
3,Senate,6,1346,1,99.9
3,Senate,6,1384,6,100.0
3,Senate,6,2866,1,97.0
3,Senate,6,2936,6,100.0
3,Senate,6,3315,6,99.9
3,Senate,6,3361,6,100.0
3,Senate,6,3437,1,86.0
3,Senate,6,3877,9,99.8
3,Senate,6,4212,1,99.8
3,Senate,6,4333,9,2.3
3,Senate,6,4837,1,61.2
3,Senate,6,4854,1,94.3
3,Senate,6,5270,6,97.1
3,Senate,6,5449,6,16.9
3,Senate,6,5713,6,100.0
3,Senate,6,6012,1,100.0
3,Senate,6,6574,6,100.0
3,Senate,6,6594,1,99.6
3,Senate,6,6712,6,83.0
3,Senate,6,7564,9,5.6
3,Senate,6,7989,1,63.1
3,Senate,6,8150,9,100.0
3,Senate,6,9028,6,100.0
3,Senate,6,9215,1,95.1
3,Senate,6,9676,6,86.1
3,Senate,7,951,6,100.0
3,Senate,7,956,1,45.1
3,Senate,7,1118,1,99.0
3,Senate,7,1302,1,93.6
3,Senate,7,1346,1,99.9
3,Senate,7,1384,6,100.0
3,Senate,7,2866,1,98.6
3,Senate,7,2936,6,100.0
3,Senate,7,3315,6,99.9
3,Senate,7,3361,6,100.0
3,Senate,7,3437,1,74.8
3,Senate,7,3877,9,90.7
3,Senate,7,4212,1,97.9
3,Senate,7,4333,9,19.6
3,Senate,7,4837,6,90.6
3,Senate,7,4854,1,93.3
3,Senate,7,5270,6,99.9
3,Senate,7,5449,6,16.8
3,Senate,7,5713,6,100.0
3,Senate,7,6012,1,99.8
3,Senate,7,6574,6,100.0
3,Senate,7,6594,1,99.7
3,Senate,7,6712,6,99.5
3,Senate,7,7564,9,59.9
3,Senate,7,7989,1,69.4
3,Senate,7,8150,9,100.0
3,Senate,7,9028,6,100.0
3,Senate,7,9215,1,97.6
3,Senate,7,9676,6,98.8
3,Senate,8,951,6,100.0
3,Senate,8,956,1,45.1
3,Senate,8,1118,1,99.0
3,Senate,8,1302,1,93.6
3,Senate,8,1346,1,99.9
3,Senate,8,1384,6,100.0
3,Senate,8,2866,1,98.6
3,Senate,8,2936,6,100.0
3,Senate,8,3315,6,99.9
3,Senate,8,3361,6,100.0
3,Senate,8,3437,1,74.8
3,Senate,8,3877,9,90.7
3,Senate,8,4212,1,97.9
3,Senate,8,4333,9,19.6
3,Senate,8,4837,6,90.6
3,Senate,8,4854,1,93.3
3,Senate,8,5270,6,99.9
3,Senate,8,5449,6,16.8
3,Senate,8,5713,6,100.0
3,Senate,8,6012,1,99.8
3,Senate,8,6574,6,100.0
3,Senate,8,6594,1,99.7
3,Senate,8,6712,6,99.5
3,Senate,8,7564,9,59.9
3,Senate,8,7989,1,69.4
3,Senate,8,8150,9,100.0
3,Senate,8,9028,6,100.0
3,Senate,8,9215,1,97.6
3,Senate,8,9676,6,98.8
3,Senate,9,951,6,100.0
3,Senate,9,956,1,94.3
3,Senate,9,1118,1,100.0
3,Senate,9,1302,1,100.0
3,Senate,9,1346,1,100.0
3,Senate,9,1384,6,100.0
3,Senate,9,2866,1,100.0
3,Senate,9,2936,6,100.0
3,Senate,9,3315,6,98.4
3,Senate,9,3361,6,100.0
3,Senate,9,3437,1,100.0
3,Senate,9,3877,9,86.0
3,Senate,9,4212,1,100.0
3,Senate,9,4333,9,3.7
3,Senate,9,4837,6,98.1
3,Senate,9,4854,1,100.0
3,Senate,9,5270,9,100.0
3,Senate,9,5449,1,100.0
3,Senate,9,5713,6,99.8
3,Senate,9,6012,1,100.0
3,Senate,9,6574,6,100.0
3,Senate,9,6594,1,100.0
3,Senate,9,6712,6,100.0
3,Senate,9,7564,9,89.0
3,Senate,9,7989,1,100.0
3,Senate,9,8150,9,100.0
3,Senate,9,9028,6,100.0
3,Senate,9,9215,1,100.0
3,Senate,9,9676,6,99.4
3,Senate,10,951,1,100.0
3,Senate,10,956,1,81.3
3,Senate,10,1118,6,98.4
3,Senate,10,1302,6,99.8
3,Senate,10,1346,6,100.0
3,Senate,10,1384,1,99.9
3,Senate,10,2866,6,100.0
3,Senate,10,2936,1,100.0
3,Senate,10,3315,1,100.0
3,Senate,10,3361,1,82.0
3,Senate,10,3437,6,24.7
3,Senate,10,3877,6,91.9
3,Senate,10,4212,6,95.6
3,Senate,10,4333,9,26.8
3,Senate,10,4837,1,60.6
3,Senate,10,4854,6,69.6
3,Senate,10,5270,6,11.6
3,Senate,10,5449,1,77.0
3,Senate,10,5713,1,100.0
3,Senate,10,6012,6,99.8
3,Senate,10,6574,1,94.2
3,Senate,10,6594,6,100.0
3,Senate,10,6712,1,63.7
3,Senate,10,7564,6,68.9
3,Senate,10,7989,9,6.4
3,Senate,10,8150,1,85.8
3,Senate,10,9028,1,100.0
3,Senate,10,9215,6,100.0
3,Senate,10,9676,1,89.6
3,Senate,11,951,6,95.6
3,Senate,11,956,1,99.5
3,Senate,11,1118,1,100.0
3,Senate,11,1302,1,99.3
3,Senate,11,1346,1,99.9
3,Senate,11,1384,6,99.3
3,Senate,11,2866,1,99.7
3,Senate,11,2936,6,95.8
3,Senate,11,3315,1,74.4
3,Senate,11,3361,6,99.5
3,Senate,11,3437,1,100.0
3,Senate,11,3877,1,94.4
3,Senate,11,4212,1,99.8
3,Senate,11,4333,9,1.2
3,Senate,11,4837,6,40.5
3,Senate,11,4854,1,100.0
3,Senate,11,5270,1,20.4
3,Senate,11,5449,1,100.0
3,Senate,11,5713,1,49.9
3,Senate,11,6012,1,99.9
3,Senate,11,6574,6,96.5
3,Senate,11,6594,1,99.9
3,Senate,11,6712,6,86.0
3,Senate,11,7564,1,70.9
3,Senate,11,7989,9,100.0
3,Senate,11,8150,6,99.1
3,Senate,11,9028,6,98.0
3,Senate,11,9215,1,99.7
3,Senate,11,9676,6,44.6
3,Senate,12,951,6,68.2
3,Senate,12,956,1,100.0
3,Senate,12,1118,1,100.0
3,Senate,12,1302,1,100.0
3,Senate,12,1346,1,100.0
3,Senate,12,1384,6,95.7
3,Senate,12,2866,1,100.0
3,Senate,12,2936,1,41.1
3,Senate,12,3315,1,99.7
3,Senate,12,3361,6,100.0
3,Senate,12,3437,6,0.0
3,Senate,12,3877,1,99.0
3,Senate,12,4212,1,100.0
3,Senate,12,4333,9,0.0
3,Senate,12,4837,6,21.6
3,Senate,12,4854,1,100.0
3,Senate,12,5270,1,33.4
3,Senate,12,5449,1,100.0
3,Senate,12,5713,1,97.8
3,Senate,12,6012,1,100.0
3,Senate,12,6574,6,96.0
3,Senate,12,6594,1,100.0
3,Senate,12,6712,6,90.4
3,Senate,12,7564,1,84.3
3,Senate,12,7989,9,100.0
3,Senate,12,8150,6,99.9
3,Senate,12,9028,6,75.1
3,Senate,12,9215,1,100.0
3,Senate,12,9676,1,83.6
3,Senate,13,951,6,68.2
3,Senate,13,956,1,100.0
3,Senate,13,1118,1,100.0
3,Senate,13,1302,1,100.0
3,Senate,13,1346,1,100.0
3,Senate,13,1384,6,95.7
3,Senate,13,2866,1,100.0
3,Senate,13,2936,1,41.1
3,Senate,13,3315,1,99.7
3,Senate,13,3361,6,100.0
3,Senate,13,3437,1,100.0
3,Senate,13,3877,1,99.0
3,Senate,13,4212,1,100.0
3,Senate,13,4333,9,0.0
3,Senate,13,4837,6,21.6
3,Senate,13,4854,1,100.0
3,Senate,13,5270,1,33.4
3,Senate,13,5449,1,100.0
3,Senate,13,5713,1,97.8
3,Senate,13,6012,1,100.0
3,Senate,13,6574,6,96.0
3,Senate,13,6594,1,100.0
3,Senate,13,6712,6,90.4
3,Senate,13,7564,1,84.3
3,Senate,13,7989,9,100.0
3,Senate,13,8150,6,99.9
3,Senate,13,9028,6,75.1
3,Senate,13,9215,1,100.0
3,Senate,13,9676,1,83.6
3,Senate,14,951,6,100.0
3,Senate,14,956,1,49.1
3,Senate,14,1118,1,98.3
3,Senate,14,1302,1,99.8
3,Senate,14,1346,1,98.6
3,Senate,14,1384,6,100.0
3,Senate,14,2866,1,99.8
3,Senate,14,2936,6,100.0
3,Senate,14,3315,6,98.3
3,Senate,14,3361,6,99.0
3,Senate,14,3877,1,36.5
3,Senate,14,4212,6,18.0
3,Senate,14,4333,9,51.6
3,Senate,14,4837,6,93.5
3,Senate,14,4854,1,99.4
3,Senate,14,5270,6,98.8
3,Senate,14,5449,1,99.8
3,Senate,14,5713,6,99.5
3,Senate,14,6012,1,91.2
3,Senate,14,6574,6,99.7
3,Senate,14,6594,1,99.6
3,Senate,14,6712,6,97.0
3,Senate,14,7564,6,87.2
3,Senate,14,7989,1,100.0
3,Senate,14,8150,9,99.3
3,Senate,14,9028,6,100.0
3,Senate,14,9215,1,99.8
3,Senate,14,9676,6,96.9
3,Senate,15,951,1,100.0
3,Senate,15,956,6,51.2
3,Senate,15,1118,6,98.3
3,Senate,15,1302,6,99.8
3,Senate,15,1346,6,98.5
3,Senate,15,1384,1,100.0
3,Senate,15,2866,6,99.7
3,Senate,15,2936,1,100.0
3,Senate,15,3315,1,97.7
3,Senate,15,3361,1,99.2
3,Senate,15,3877,6,36.3
3,Senate,15,4212,1,17.7
3,Senate,15,4333,9,50.8
3,Senate,15,4837,1,93.7
3,Senate,15,4854,6,99.5
3,Senate,15,5270,1,98.9
3,Senate,15,5449,6,99.8
3,Senate,15,5713,1,99.3
3,Senate,15,6012,6,91.1
3,Senate,15,6574,1,99.7
3,Senate,15,6594,6,99.5
3,Senate,15,6712,1,97.4
3,Senate,15,7564,1,87.6
3,Senate,15,7989,6,100.0
3,Senate,15,8150,9,99.5
3,Senate,15,9028,1,100.0
3,Senate,15,9215,6,99.8
3,Senate,15,9676,1,96.9
3,Senate,16,951,1,100.0
3,Senate,16,956,6,51.2
3,Senate,16,1118,6,98.3
3,Senate,16,1302,6,99.8
3,Senate,16,1346,6,98.5
3,Senate,16,1384,1,100.0
3,Senate,16,2866,6,99.7
3,Senate,16,2936,1,100.0
3,Senate,16,3315,1,97.7
3,Senate,16,3361,1,99.2
3,Senate,16,3877,6,36.3
3,Senate,16,4212,1,17.7
3,Senate,16,4333,9,50.8
3,Senate,16,4837,1,93.7
3,Senate,16,4854,6,99.5
3,Senate,16,5270,1,98.9
3,Senate,16,5449,6,99.8
3,Senate,16,5713,1,99.3
3,Senate,16,6012,6,91.1
3,Senate,16,6574,1,99.7
3,Senate,16,6594,6,99.5
3,Senate,16,6712,1,97.4
3,Senate,16,7564,1,87.6
3,Senate,16,7989,6,100.0
3,Senate,16,8150,9,99.5
3,Senate,16,9028,1,100.0
3,Senate,16,9215,6,99.8
3,Senate,16,9676,1,96.9
3,Senate,17,951,6,100.0
3,Senate,17,956,1,93.2
3,Senate,17,1118,1,100.0
3,Senate,17,1302,9,100.0
3,Senate,17,1346,1,100.0
3,Senate,17,1384,6,100.0
3,Senate,17,2866,1,100.0
3,Senate,17,2936,6,100.0
3,Senate,17,3315,6,97.6
3,Senate,17,3361,9,100.0
3,Senate,17,3877,1,89.0
3,Senate,17,4212,1,100.0
3,Senate,17,4333,9,3.4
3,Senate,17,4837,6,98.3
3,Senate,17,4854,1,100.0
3,Senate,17,5270,6,100.0
3,Senate,17,5449,1,100.0
3,Senate,17,5713,6,99.6
3,Senate,17,6012,1,100.0
3,Senate,17,6574,6,100.0
3,Senate,17,6594,1,100.0
3,Senate,17,6712,6,100.0
3,Senate,17,7564,6,89.2
3,Senate,17,7989,1,100.0
3,Senate,17,8150,9,100.0
3,Senate,17,9028,6,100.0
3,Senate,17,9215,1,100.0
3,Senate,17,9676,6,99.5
3,Senate,18,951,1,100.0
3,Senate,18,956,6,93.4
3,Senate,18,1118,6,100.0
3,Senate,18,1302,9,100.0
3,Senate,18,1346,6,100.0
3,Senate,18,1384,1,100.0
3,Senate,18,2866,6,100.0
3,Senate,18,2936,1,100.0
3,Senate,18,3315,1,97.6
3,Senate,18,3361,9,100.0
3,Senate,18,3877,6,89.1
3,Senate,18,4212,6,100.0
3,Senate,18,4333,9,3.3
3,Senate,18,4837,1,98.3
3,Senate,18,4854,6,100.0
3,Senate,18,5270,1,100.0
3,Senate,18,5449,6,100.0
3,Senate,18,5713,1,99.6
3,Senate,18,6012,6,100.0
3,Senate,18,6574,1,100.0
3,Senate,18,6594,6,100.0
3,Senate,18,6712,1,100.0
3,Senate,18,7564,1,89.1
3,Senate,18,7989,6,100.0
3,Senate,18,8150,9,100.0
3,Senate,18,9028,1,100.0
3,Senate,18,9215,6,100.0
3,Senate,18,9676,1,99.4
3,Senate,19,951,6,99.9
3,Senate,19,956,1,40.0
3,Senate,19,1118,1,97.6
3,Senate,19,1302,9,94.7
3,Senate,19,1346,1,99.7
3,Senate,19,1384,6,100.0
3,Senate,19,2866,1,98.4
3,Senate,19,2936,6,99.9
3,Senate,19,3315,6,98.9
3,Senate,19,3361,9,100.0
3,Senate,19,3877,1,66.9
3,Senate,19,4212,1,92.0
3,Senate,19,4333,9,37.4
3,Senate,19,4837,6,93.9
3,Senate,19,4854,1,92.0
3,Senate,19,5270,6,99.6
3,Senate,19,5449,6,15.1
3,Senate,19,5713,6,99.5
3,Senate,19,6012,1,98.5
3,Senate,19,6574,6,99.9
3,Senate,19,6594,1,99.4
3,Senate,19,6712,6,99.3
3,Senate,19,7564,6,80.5
3,Senate,19,7989,1,75.8
3,Senate,19,8150,9,100.0
3,Senate,19,9028,6,99.9
3,Senate,19,9215,1,97.6
3,Senate,19,9676,6,98.1
3,Senate,20,951,1,98.5
3,Senate,20,956,6,6.7
3,Senate,20,1118,1,46.7
3,Senate,20,1302,9,96.9
3,Senate,20,1346,6,65.4
3,Senate,20,1384,1,98.4
3,Senate,20,2866,6,93.4
3,Senate,20,2936,1,97.8
3,Senate,20,3315,1,95.9
3,Senate,20,3361,9,96.0
3,Senate,20,3877,1,97.1
3,Senate,20,4212,1,84.7
3,Senate,20,4333,9,95.3
3,Senate,20,4837,1,99.0
3,Senate,20,4854,1,30.4
3,Senate,20,5270,1,99.1
3,Senate,20,5449,6,82.6
3,Senate,20,5713,1,96.8
3,Senate,20,6012,1,73.6
3,Senate,20,6574,1,98.9
3,Senate,20,6594,6,81.8
3,Senate,20,6712,1,98.4
3,Senate,20,7564,1,98.6
3,Senate,20,7989,6,99.0
3,Senate,20,8150,9,97.5
3,Senate,20,9028,1,97.8
3,Senate,20,9215,6,95.0
3,Senate,20,9676,1,99.1
3,Senate,21,951,1,100.0
3,Senate,21,956,6,93.4
3,Senate,21,1118,6,100.0
3,Senate,21,1302,9,100.0
3,Senate,21,1346,6,100.0
3,Senate,21,1384,1,100.0
3,Senate,21,2866,6,100.0
3,Senate,21,2936,1,100.0
3,Senate,21,3315,1,97.6
3,Senate,21,3361,9,100.0
3,Senate,21,3877,6,89.1
3,Senate,21,4212,6,100.0
3,Senate,21,4333,9,3.3
3,Senate,21,4837,1,98.3
3,Senate,21,4854,6,100.0
3,Senate,21,5270,1,100.0
3,Senate,21,5449,6,100.0
3,Senate,21,5713,1,99.6
3,Senate,21,6012,6,100.0
3,Senate,21,6574,1,100.0
3,Senate,21,6594,6,100.0
3,Senate,21,6712,1,100.0
3,Senate,21,7564,1,89.1
3,Senate,21,7989,6,100.0
3,Senate,21,8150,9,100.0
3,Senate,21,9028,1,100.0
3,Senate,21,9215,6,100.0
3,Senate,21,9676,1,99.4
3,Senate,22,951,6,100.0
3,Senate,22,956,1,93.2
3,Senate,22,1118,1,100.0
3,Senate,22,1302,9,100.0
3,Senate,22,1346,1,100.0
3,Senate,22,1384,6,100.0
3,Senate,22,2866,1,100.0
3,Senate,22,2936,6,100.0
3,Senate,22,3315,6,97.6
3,Senate,22,3361,9,100.0
3,Senate,22,3877,1,89.0
3,Senate,22,4212,1,100.0
3,Senate,22,4333,9,3.4
3,Senate,22,4837,6,98.3
3,Senate,22,4854,1,100.0
3,Senate,22,5270,6,100.0
3,Senate,22,5449,1,100.0
3,Senate,22,5713,6,99.6
3,Senate,22,6012,1,100.0
3,Senate,22,6574,6,100.0
3,Senate,22,6594,1,100.0
3,Senate,22,6712,6,100.0
3,Senate,22,7564,6,89.2
3,Senate,22,7989,1,100.0
3,Senate,22,8150,9,100.0
3,Senate,22,9028,6,100.0
3,Senate,22,9215,1,100.0
3,Senate,22,9676,6,99.5
3,Senate,23,951,1,100.0
3,Senate,23,956,6,93.4
3,Senate,23,1118,6,100.0
3,Senate,23,1302,9,100.0
3,Senate,23,1346,6,100.0
3,Senate,23,1384,1,100.0
3,Senate,23,2866,6,100.0
3,Senate,23,2936,1,100.0
3,Senate,23,3315,1,97.6
3,Senate,23,3361,9,100.0
3,Senate,23,3877,6,89.1
3,Senate,23,4212,6,100.0
3,Senate,23,4333,9,3.3
3,Senate,23,4837,1,98.3
3,Senate,23,4854,6,100.0
3,Senate,23,5270,1,100.0
3,Senate,23,5449,6,100.0
3,Senate,23,5713,1,99.6
3,Senate,23,6012,6,100.0
3,Senate,23,6574,1,100.0
3,Senate,23,6594,6,100.0
3,Senate,23,6712,1,100.0
3,Senate,23,7564,1,89.1
3,Senate,23,7989,6,100.0
3,Senate,23,8150,9,100.0
3,Senate,23,9028,1,100.0
3,Senate,23,9215,6,100.0
3,Senate,23,9676,1,99.4
3,Senate,24,951,6,100.0
3,Senate,24,956,6,99.7
3,Senate,24,1118,6,48.1
3,Senate,24,1302,9,13.3
3,Senate,24,1346,9,1.0
3,Senate,24,1384,6,100.0
3,Senate,24,2866,1,96.9
3,Senate,24,2936,6,100.0
3,Senate,24,3315,6,100.0
3,Senate,24,3361,6,92.2
3,Senate,24,3877,6,45.6
3,Senate,24,4212,1,45.1
3,Senate,24,4333,9,85.5
3,Senate,24,4837,6,92.2
3,Senate,24,4854,6,95.7
3,Senate,24,5270,9,98.7
3,Senate,24,5449,6,99.8
3,Senate,24,5713,6,100.0
3,Senate,24,6012,1,87.7
3,Senate,24,6574,6,99.3
3,Senate,24,6594,1,96.9
3,Senate,24,6712,6,85.9
3,Senate,24,7564,1,28.1
3,Senate,24,7989,6,99.9
3,Senate,24,8150,9,95.3
3,Senate,24,9028,6,100.0
3,Senate,24,9215,1,93.7
3,Senate,24,9676,9,99.4
3,Senate,25,951,6,99.7
3,Senate,25,956,1,99.7
3,Senate,25,1118,1,100.0
3,Senate,25,1302,1,100.0
3,Senate,25,1346,9,100.0
3,Senate,25,1384,6,100.0
3,Senate,25,2866,1,100.0
3,Senate,25,2936,6,99.1
3,Senate,25,3315,6,36.9
3,Senate,25,3361,6,100.0
3,Senate,25,3877,1,82.4
3,Senate,25,4212,1,100.0
3,Senate,25,4333,9,1.4
3,Senate,25,4837,6,96.4
3,Senate,25,4854,1,100.0
3,Senate,25,5270,9,100.0
3,Senate,25,5449,1,100.0
3,Senate,25,5713,1,34.3
3,Senate,25,6012,1,100.0
3,Senate,25,6574,6,100.0
3,Senate,25,6594,1,100.0
3,Senate,25,6712,6,100.0
3,Senate,25,7564,6,90.6
3,Senate,25,7989,1,100.0
3,Senate,25,8150,6,100.0
3,Senate,25,9028,6,99.7
3,Senate,25,9215,1,100.0
3,Senate,25,9676,6,95.2
3,Senate,26,951,1,70.9
3,Senate,26,956,1,88.0
3,Senate,26,1118,1,94.9
3,Senate,26,1302,1,92.2
3,Senate,26,1346,1,91.7
3,Senate,26,1384,1,62.5
3,Senate,26,2866,1,94.0
3,Senate,26,2936,1,75.5
3,Senate,26,3315,6,11.2
3,Senate,26,3361,1,22.9
3,Senate,26,3877,1,44.3
3,Senate,26,4212,1,84.1
3,Senate,26,4333,9,N/A
3,Senate,26,4837,6,64.7
3,Senate,26,4854,1,97.6
3,Senate,26,5270,1,37.8
3,Senate,26,5449,1,98.2
3,Senate,26,5713,1,85.9
3,Senate,26,6012,1,84.6
3,Senate,26,6574,1,37.5
3,Senate,26,6594,1,94.6
3,Senate,26,6712,6,84.1
3,Senate,26,7564,6,72.8
3,Senate,26,7989,1,94.8
3,Senate,26,8150,6,75.0
3,Senate,26,9028,6,26.8
3,Senate,26,9215,1,94.0
3,Senate,26,9676,6,46.6
3,Senate,27,951,1,34.7
3,Senate,27,956,6,43.3
3,Senate,27,1118,6,8.5
3,Senate,27,1302,1,85.4
3,Senate,27,1346,1,99.8
3,Senate,27,1384,1,39.3
3,Senate,27,2866,9,98.9
3,Senate,27,2936,6,70.1
3,Senate,27,3315,9,18.0
3,Senate,27,3361,6,47.9
3,Senate,27,3877,1,88.3
3,Senate,27,4212,1,91.3
3,Senate,27,4333,9,81.0
3,Senate,27,4837,1,68.0
3,Senate,27,4854,1,50.0
3,Senate,27,5270,1,56.4
3,Senate,27,5449,6,88.2
3,Senate,27,5713,6,79.4
3,Senate,27,6012,1,98.0
3,Senate,27,6574,9,51.3
3,Senate,27,6594,1,99.4
3,Senate,27,6712,1,61.1
3,Senate,27,7564,9,76.5
3,Senate,27,7989,6,100.0
3,Senate,27,8150,9,52.4
3,Senate,27,9028,6,68.4
3,Senate,27,9215,1,96.7
3,Senate,27,9676,9,57.2
3,Senate,28,951,6,95.4
3,Senate,28,956,6,28.9
3,Senate,28,1118,1,99.9
3,Senate,28,1302,1,100.0
3,Senate,28,1346,1,100.0
3,Senate,28,1384,6,91.8
3,Senate,28,2866,1,100.0
3,Senate,28,2936,6,98.3
3,Senate,28,3315,6,99.4
3,Senate,28,3361,1,45.0
3,Senate,28,3877,1,98.5
3,Senate,28,4212,1,99.7
3,Senate,28,4333,1,95.9
3,Senate,28,4837,1,78.2
3,Senate,28,4854,1,94.5
3,Senate,28,5270,1,51.3
3,Senate,28,5449,1,60.2
3,Senate,28,5713,6,99.4
3,Senate,28,6012,1,100.0
3,Senate,28,6574,9,62.8
3,Senate,28,6594,1,100.0
3,Senate,28,6712,6,33.3
3,Senate,28,7564,1,90.5
3,Senate,28,7989,6,93.9
3,Senate,28,8150,1,44.0
3,Senate,28,9028,6,97.9
3,Senate,28,9215,1,100.0
3,Senate,28,9676,6,45.7
3,Senate,29,951,1,49.6
3,Senate,29,956,1,76.4
3,Senate,29,1118,1,94.9
3,Senate,29,1302,1,97.1
3,Senate,29,1346,1,94.1
3,Senate,29,1384,6,58.4
3,Senate,29,2866,1,97.7
3,Senate,29,2936,6,43.6
3,Senate,29,3315,1,75.4
3,Senate,29,3361,1,13.4
3,Senate,29,3877,1,26.4
3,Senate,29,4212,6,23.6
3,Senate,29,4333,1,56.2
3,Senate,29,4837,6,83.3
3,Senate,29,4854,1,97.8
3,Senate,29,5270,6,81.7
3,Senate,29,5449,1,98.6
3,Senate,29,5713,1,70.5
3,Senate,29,6012,1,80.9
3,Senate,29,6574,9,80.7
3,Senate,29,6594,1,97.1
3,Senate,29,6712,6,93.1
3,Senate,29,7564,6,87.7
3,Senate,29,7989,1,97.4
3,Senate,29,8150,6,86.5
3,Senate,29,9028,6,46.0
3,Senate,29,9215,1,97.8
3,Senate,29,9676,9,70.4
3,Senate,30,951,6,100.0
3,Senate,30,956,1,62.3
3,Senate,30,1118,1,100.0
3,Senate,30,1302,1,100.0
3,Senate,30,1346,1,100.0
3,Senate,30,1384,6,100.0
3,Senate,30,2866,1,100.0
3,Senate,30,2936,6,100.0
3,Senate,30,3315,6,99.8
3,Senate,30,3361,6,100.0
3,Senate,30,3877,1,53.0
3,Senate,30,4212,1,98.8
3,Senate,30,4333,6,29.6
3,Senate,30,4837,6,98.9
3,Senate,30,4854,1,100.0
3,Senate,30,5270,6,100.0
3,Senate,30,5449,1,100.0
3,Senate,30,5713,6,100.0
3,Senate,30,6012,1,99.9
3,Senate,30,6574,9,100.0
3,Senate,30,6594,1,100.0
3,Senate,30,6712,6,100.0
3,Senate,30,7564,6,94.5
3,Senate,30,7989,1,100.0
3,Senate,30,8070,6,100.0
3,Senate,30,8150,6,100.0
3,Senate,30,9028,6,100.0
3,Senate,30,9215,1,100.0
3,Senate,30,9676,6,99.7
3,Senate,31,951,1,
3,Senate,31,956,1,
3,Senate,31,1118,1,
3,Senate,31,1302,1,
3,Senate,31,1346,1,
3,Senate,31,1384,1,
3,Senate,31,2866,1,
3,Senate,31,2936,1,
3,Senate,31,3315,1,
3,Senate,31,3361,1,
3,Senate,31,3877,1,
3,Senate,31,4212,1,
3,Senate,31,4333,1,
3,Senate,31,4837,1,
3,Senate,31,4854,1,
3,Senate,31,5270,1,
3,Senate,31,5449,1,
3,Senate,31,5713,1,
3,Senate,31,6012,1,
3,Senate,31,6574,9,
3,Senate,31,6594,1,
3,Senate,31,6712,1,
3,Senate,31,7564,1,
3,Senate,31,7989,1,
3,Senate,31,8070,1,
3,Senate,31,8150,1,
3,Senate,31,9028,1,
3,Senate,31,9215,1,
3,Senate,31,9676,1,
3,Senate,32,951,6,100.0
3,Senate,32,956,9,11.5
3,Senate,32,1118,1,100.0
3,Senate,32,1302,1,100.0
3,Senate,32,1346,1,100.0
3,Senate,32,1384,6,100.0
3,Senate,32,2866,1,100.0
3,Senate,32,2936,6,100.0
3,Senate,32,3315,6,100.0
3,Senate,32,3361,6,100.0
3,Senate,32,3877,1,56.0
3,Senate,32,4212,1,96.8
3,Senate,32,4333,6,54.3
3,Senate,32,4837,6,99.7
3,Senate,32,4854,9,99.0
3,Senate,32,5270,6,100.0
3,Senate,32,5449,1,95.1
3,Senate,32,5713,9,100.0
3,Senate,32,6012,1,100.0
3,Senate,32,6574,9,100.0
3,Senate,32,6594,1,100.0
3,Senate,32,6712,6,100.0
3,Senate,32,7564,6,95.3
3,Senate,32,7989,1,94.3
3,Senate,32,8070,6,100.0
3,Senate,32,8150,6,100.0
3,Senate,32,9028,6,100.0
3,Senate,32,9215,1,100.0
3,Senate,32,9676,6,100.0
3,Senate,33,951,6,100.0
3,Senate,33,956,1,62.4
3,Senate,33,1118,1,100.0
3,Senate,33,1302,1,100.0
3,Senate,33,1346,1,100.0
3,Senate,33,1384,6,100.0
3,Senate,33,2866,1,100.0
3,Senate,33,2936,6,100.0
3,Senate,33,3315,6,99.9
3,Senate,33,3361,6,100.0
3,Senate,33,3877,1,53.2
3,Senate,33,4212,1,98.6
3,Senate,33,4333,6,30.2
3,Senate,33,4837,6,98.5
3,Senate,33,4854,1,100.0
3,Senate,33,5270,6,100.0
3,Senate,33,5449,1,100.0
3,Senate,33,5713,9,100.0
3,Senate,33,6012,1,99.9
3,Senate,33,6574,9,100.0
3,Senate,33,6594,1,100.0
3,Senate,33,6712,6,100.0
3,Senate,33,7564,6,92.8
3,Senate,33,7989,1,100.0
3,Senate,33,8070,9,100.0
3,Senate,33,8150,6,100.0
3,Senate,33,9028,6,100.0
3,Senate,33,9215,1,100.0
3,Senate,33,9676,6,99.7
3,Senate,34,951,6,29.0
3,Senate,34,956,9,48.8
3,Senate,34,1118,9,67.0
3,Senate,34,1302,9,69.1
3,Senate,34,1346,9,58.4
3,Senate,34,1384,1,90.2
3,Senate,34,2866,9,68.1
3,Senate,34,2936,1,40.0
3,Senate,34,3315,6,90.3
3,Senate,34,3361,1,100.0
3,Senate,34,3877,9,5.4
3,Senate,34,4212,6,39.0
3,Senate,34,4333,1,79.5
3,Senate,34,4837,1,99.4
3,Senate,34,4854,6,84.6
3,Senate,34,5270,1,99.8
3,Senate,34,5449,6,93.1
3,Senate,34,5713,6,86.8
3,Senate,34,6012,6,42.5
3,Senate,34,6574,9,99.9
3,Senate,34,6594,1,33.6
3,Senate,34,6712,1,100.0
3,Senate,34,7564,1,99.4
3,Senate,34,7989,9,93.5
3,Senate,34,8070,1,100.0
3,Senate,34,8150,9,100.0
3,Senate,34,9028,1,47.3
3,Senate,34,9215,1,30.6
3,Senate,34,9676,9,97.6
3,Senate,35,951,6,100.0
3,Senate,35,956,9,0.0
3,Senate,35,1118,9,13.6
3,Senate,35,1302,9,99.9
3,Senate,35,1346,9,93.0
3,Senate,35,1384,6,100.0
3,Senate,35,2866,9,99.9
3,Senate,35,2936,6,100.0
3,Senate,35,3315,6,100.0
3,Senate,35,3361,6,99.9
3,Senate,35,3877,9,0.1
3,Senate,35,4212,9,0.6
3,Senate,35,4333,6,100.0
3,Senate,35,4837,6,100.0
3,Senate,35,4854,9,1.7
3,Senate,35,5270,6,100.0
3,Senate,35,5449,6,99.6
3,Senate,35,5713,6,100.0
3,Senate,35,6012,9,14.5
3,Senate,35,6574,9,100.0
3,Senate,35,6594,1,97.0
3,Senate,35,6712,6,100.0
3,Senate,35,7564,6,100.0
3,Senate,35,7989,9,12.4
3,Senate,35,8070,6,100.0
3,Senate,35,8150,9,100.0
3,Senate,35,9028,6,100.0
3,Senate,35,9215,1,99.9
3,Senate,35,9676,9,100.0
3,Senate,36,951,6,79.8
3,Senate,36,956,9,83.0
3,Senate,36,1118,6,76.4
3,Senate,36,1302,6,59.6
3,Senate,36,1346,6,70.8
3,Senate,36,1384,9,76.0
3,Senate,36,2866,1,36.7
3,Senate,36,2936,6,80.8
3,Senate,36,3315,6,84.6
3,Senate,36,3361,6,43.1
3,Senate,36,3877,6,72.4
3,Senate,36,4212,6,78.5
3,Senate,36,4333,1,20.9
3,Senate,36,4837,6,69.3
3,Senate,36,4854,1,22.9
3,Senate,36,5270,6,68.2
3,Senate,36,5449,6,76.0
3,Senate,36,5713,1,16.0
3,Senate,36,6012,6,75.8
3,Senate,36,6574,9,64.9
3,Senate,36,6594,6,68.9
3,Senate,36,6712,1,49.7
3,Senate,36,7564,1,33.9
3,Senate,36,7989,9,62.9
3,Senate,36,8070,1,56.1
3,Senate,36,8150,9,49.6
3,Senate,36,9028,6,79.8
3,Senate,36,9215,6,62.4
3,Senate,36,9676,9,75.9
3,Senate,37,951,6,86.1
3,Senate,37,956,9,19.8
3,Senate,37,1118,6,27.2
3,Senate,37,1302,1,100.0
3,Senate,37,1346,9,97.3
3,Senate,37,1384,1,20.0
3,Senate,37,2866,1,99.9
3,Senate,37,2936,6,89.8
3,Senate,37,3315,6,97.0
3,Senate,37,3361,9,57.9
3,Senate,37,3877,6,50.4
3,Senate,37,4212,1,55.6
3,Senate,37,4333,9,60.8
3,Senate,37,4837,6,63.7
3,Senate,37,4854,1,40.4
3,Senate,37,5270,6,68.2
3,Senate,37,5449,6,84.9
3,Senate,37,5713,6,96.0
3,Senate,37,6012,1,76.6
3,Senate,37,6574,9,67.8
3,Senate,37,6594,1,98.7
3,Senate,37,6712,6,58.5
3,Senate,37,7564,1,42.7
3,Senate,37,7989,9,3.2
3,Senate,37,8070,1,42.0
3,Senate,37,8150,9,60.3
3,Senate,37,9028,6,88.1
3,Senate,37,9215,9,99.9
3,Senate,37,9676,9,73.2
3,Senate,38,951,6,89.1
3,Senate,38,956,9,80.6
3,Senate,38,1118,1,95.0
3,Senate,38,1302,1,91.0
3,Senate,38,1346,6,6.8
3,Senate,38,1384,6,92.5
3,Senate,38,2866,1,92.7
3,Senate,38,2936,6,90.6
3,Senate,38,3315,1,36.3
3,Senate,38,3361,6,85.3
3,Senate,38,3877,1,71.1
3,Senate,38,4212,1,88.8
3,Senate,38,4333,1,78.9
3,Senate,38,4837,6,54.3
3,Senate,38,4854,1,96.7
3,Senate,38,5270,6,72.4
3,Senate,38,5449,1,97.4
3,Senate,38,5713,6,74.2
3,Senate,38,6012,1,90.8
3,Senate,38,6574,9,83.6
3,Senate,38,6594,1,94.3
3,Senate,38,6712,6,71.1
3,Senate,38,7564,1,53.0
3,Senate,38,7989,1,96.9
3,Senate,38,8070,1,20.4
3,Senate,38,8150,6,85.2
3,Senate,38,9028,9,92.3
3,Senate,38,9676,9,59.8
3,Senate,39,951,1,98.1
3,Senate,39,956,9,19.5
3,Senate,39,1118,1,32.9
3,Senate,39,1302,6,93.6
3,Senate,39,1346,1,25.4
3,Senate,39,1384,1,97.9
3,Senate,39,2866,6,90.4
3,Senate,39,2936,1,98.3
3,Senate,39,3315,1,96.2
3,Senate,39,3361,1,88.9
3,Senate,39,3877,1,79.9
3,Senate,39,4212,6,38.7
3,Senate,39,4333,1,78.7
3,Senate,39,4837,1,90.8
3,Senate,39,4854,6,74.9
3,Senate,39,5270,1,94.3
3,Senate,39,5449,6,82.2
3,Senate,39,5713,1,97.3
3,Senate,39,6012,6,50.9
3,Senate,39,6574,9,95.2
3,Senate,39,6594,6,83.4
3,Senate,39,6712,1,89.3
3,Senate,39,7564,1,87.1
3,Senate,39,7989,6,97.9
3,Senate,39,8070,6,11.1
3,Senate,39,8150,1,91.4
3,Senate,39,9028,9,98.4
3,Senate,39,9676,9,94.0
3,Senate,40,951,1,98.9
3,Senate,40,956,9,12.8
3,Senate,40,1118,6,66.4
3,Senate,40,1302,6,97.5
3,Senate,40,1346,1,21.4
3,Senate,40,1384,1,98.5
3,Senate,40,2866,6,95.1
3,Senate,40,2936,1,99.1
3,Senate,40,3315,1,98.5
3,Senate,40,3361,1,89.0
3,Senate,40,3877,1,83.8
3,Senate,40,4212,1,66.3
3,Senate,40,4333,1,84.0
3,Senate,40,4837,1,93.2
3,Senate,40,4854,6,72.5
3,Senate,40,5270,1,95.7
3,Senate,40,5449,6,79.2
3,Senate,40,5713,1,98.9
3,Senate,40,6012,6,49.0
3,Senate,40,6574,9,96.1
3,Senate,40,6594,6,88.0
3,Senate,40,6712,1,90.6
3,Senate,40,7564,1,89.8
3,Senate,40,7989,6,98.4
3,Senate,40,8070,6,10.4
3,Senate,40,8150,1,91.9
3,Senate,40,9028,9,99.0
3,Senate,40,9676,9,96.0
3,Senate,41,951,6,84.5
3,Senate,41,956,9,57.3
3,Senate,41,1118,1,81.3
3,Senate,41,1302,9,84.0
3,Senate,41,1346,9,81.6
3,Senate,41,1384,6,85.9
3,Senate,41,2866,9,84.5
3,Senate,41,2936,6,85.8
3,Senate,41,3315,1,26.8
3,Senate,41,3361,6,75.5
3,Senate,41,3877,6,46.7
3,Senate,41,4212,1,69.8
3,Senate,41,4333,6,42.3
3,Senate,41,4837,6,63.4
3,Senate,41,4854,6,16.0
3,Senate,41,5270,9,73.0
3,Senate,41,5449,9,85.8
3,Senate,41,5713,6,78.1
3,Senate,41,6012,1,74.5
3,Senate,41,6574,9,78.4
3,Senate,41,6594,1,84.3
3,Senate,41,6712,6,69.5
3,Senate,41,7564,1,41.7
3,Senate,41,7989,1,89.2
3,Senate,41,8070,1,27.1
3,Senate,41,8150,6,76.8
3,Senate,41,9028,9,86.7
3,Senate,41,9676,1,32.1
3,Senate,42,951,6,99.6
3,Senate,42,956,9,90.3
3,Senate,42,1118,6,64.3
3,Senate,42,1302,9,54.5
3,Senate,42,1346,9,44.3
3,Senate,42,1384,6,99.5
3,Senate,42,2866,9,51.9
3,Senate,42,2936,6,99.7
3,Senate,42,3315,6,99.5
3,Senate,42,3361,6,88.5
3,Senate,42,3877,6,46.0
3,Senate,42,4212,1,38.0
3,Senate,42,4333,6,72.2
3,Senate,42,4837,6,75.7
3,Senate,42,4854,6,78.3
3,Senate,42,5270,9,91.7
3,Senate,42,5449,9,83.4
3,Senate,42,5713,6,99.6
3,Senate,42,6012,1,52.2
3,Senate,42,6574,9,95.9
3,Senate,42,6594,1,49.2
3,Senate,42,6712,6,67.9
3,Senate,42,7564,6,54.2
3,Senate,42,7989,6,71.7
3,Senate,42,8070,1,20.9
3,Senate,42,8150,6,91.0
3,Senate,42,9028,9,99.6
3,Senate,42,9676,1,7.4
3,Senate,43,951,6,80.4
3,Senate,43,956,9,61.3
3,Senate,43,1118,6,57.3
3,Senate,43,1302,9,58.6
3,Senate,43,1346,9,48.9
3,Senate,43,1384,1,25.8
3,Senate,43,2866,9,57.1
3,Senate,43,2936,6,87.6
3,Senate,43,3315,6,90.3
3,Senate,43,3361,1,81.6
3,Senate,43,3877,1,79.3
3,Senate,43,4212,6,44.0
3,Senate,43,4333,1,60.8
3,Senate,43,4837,1,79.1
3,Senate,43,4854,1,29.6
3,Senate,43,5270,9,71.6
3,Senate,43,5449,9,77.8
3,Senate,43,5713,6,90.3
3,Senate,43,6012,6,41.5
3,Senate,43,6574,9,66.6
3,Senate,43,6594,1,45.1
3,Senate,43,6712,1,89.5
3,Senate,43,7564,1,85.3
3,Senate,43,7989,6,74.3
3,Senate,43,8070,6,12.5
3,Senate,43,8150,1,79.3
3,Senate,43,9028,9,13.3
3,Senate,43,9676,9,61.7
3,Senate,44,951,6,70.9
3,Senate,44,956,9,53.8
3,Senate,44,1118,6,45.6
3,Senate,44,1302,9,50.1
3,Senate,44,1346,9,55.6
3,Senate,44,1384,1,30.8
3,Senate,44,2866,9,51.2
3,Senate,44,2936,6,77.6
3,Senate,44,3315,6,72.1
3,Senate,44,3361,1,74.0
3,Senate,44,3877,1,72.3
3,Senate,44,4212,6,39.3
3,Senate,44,4333,1,63.5
3,Senate,44,4837,1,73.4
3,Senate,44,4854,1,49.6
3,Senate,44,5270,9,67.9
3,Senate,44,5449,9,46.2
3,Senate,44,5713,6,74.3
3,Senate,44,6012,6,39.5
3,Senate,44,6574,9,62.6
3,Senate,44,6594,1,53.1
3,Senate,44,6712,1,81.8
3,Senate,44,7564,1,77.3
3,Senate,44,7989,1,46.0
3,Senate,44,8070,6,19.8
3,Senate,44,8150,1,71.8
3,Senate,44,9028,9,21.9
3,Senate,44,9676,9,63.0
3,Senate,45,951,6,91.6
3,Senate,45,956,9,34.0
3,Senate,45,1118,1,87.0
3,Senate,45,1302,9,99.8
3,Senate,45,1346,9,96.0
3,Senate,45,1384,6,88.2
3,Senate,45,2866,9,99.6
3,Senate,45,2936,6,94.3
3,Senate,45,3315,6,96.1
3,Senate,45,3361,9,65.3
3,Senate,45,3877,1,51.3
3,Senate,45,4212,6,32.5
3,Senate,45,4333,6,52.1
3,Senate,45,4837,6,66.2
3,Senate,45,4854,1,81.1
3,Senate,45,5270,6,73.8
3,Senate,45,5449,9,74.2
3,Senate,45,5713,6,96.2
3,Senate,45,6012,6,18.6
3,Senate,45,6574,9,75.7
3,Senate,45,6594,1,98.2
3,Senate,45,6712,1,35.9
3,Senate,45,7564,1,40.8
3,Senate,45,7989,1,88.9
3,Senate,45,8070,1,35.4
3,Senate,45,8150,1,31.8
3,Senate,45,9028,9,93.6
3,Senate,45,9676,6,75.5
3,Senate,46,951,6,86.6
3,Senate,46,956,9,86.1
3,Senate,46,1118,6,74.3
3,Senate,46,1302,9,56.4
3,Senate,46,1346,9,67.2
3,Senate,46,1384,6,81.8
3,Senate,46,2866,9,59.3
3,Senate,46,2936,6,88.1
3,Senate,46,3315,6,91.1
3,Senate,46,3361,6,41.1
3,Senate,46,3877,9,78.5
3,Senate,46,4212,6,79.3
3,Senate,46,4333,6,82.7
3,Senate,46,4837,6,78.4
3,Senate,46,4854,1,24.5
3,Senate,46,5270,6,76.7
3,Senate,46,5449,9,74.9
3,Senate,46,5713,6,90.9
3,Senate,46,6012,6,75.0
3,Senate,46,6574,9,71.2
3,Senate,46,6712,6,61.4
3,Senate,46,7564,1,23.9
3,Senate,46,7989,1,38.2
3,Senate,46,8070,1,50.5
3,Senate,46,8150,1,48.8
3,Senate,46,9028,9,87.1
3,Senate,46,9676,9,83.3
3,Senate,47,951,6,98.2
3,Senate,47,956,9,36.5
3,Senate,47,1118,1,99.2
3,Senate,47,1302,9,100.0
3,Senate,47,1346,9,100.0
3,Senate,47,1384,6,96.3
3,Senate,47,2866,9,100.0
3,Senate,47,2936,6,99.4
3,Senate,47,3315,6,99.8
3,Senate,47,3361,6,68.3
3,Senate,47,3877,1,69.7
3,Senate,47,4212,1,89.9
3,Senate,47,4333,6,35.9
3,Senate,47,4837,6,62.9
3,Senate,47,4854,1,95.5
3,Senate,47,5270,6,77.0
3,Senate,47,5449,9,84.1
3,Senate,47,5713,6,99.8
3,Senate,47,6012,1,98.4
3,Senate,47,6574,9,81.2
3,Senate,47,6712,6,63.2
3,Senate,47,7564,1,49.6
3,Senate,47,7989,1,87.2
3,Senate,47,8070,1,34.0
3,Senate,47,8150,1,28.2
3,Senate,47,9028,9,99.2
3,Senate,47,9676,6,78.5
3,Senate,48,951,6,64.4
3,Senate,48,956,9,59.6
3,Senate,48,1118,1,93.9
3,Senate,48,1302,9,99.5
3,Senate,48,1346,9,94.1
3,Senate,48,1384,6,70.6
3,Senate,48,2866,9,99.4
3,Senate,48,2936,6,56.3
3,Senate,48,3315,1,63.5
3,Senate,48,3361,6,91.0
3,Senate,48,3877,6,90.8
3,Senate,48,4212,1,60.0
3,Senate,48,4333,6,67.1
3,Senate,48,4837,6,94.4
3,Senate,48,4854,1,98.2
3,Senate,48,5270,6,92.2
3,Senate,48,5449,9,99.2
3,Senate,48,5713,1,57.8
3,Senate,48,6012,1,68.9
3,Senate,48,6574,9,89.9
3,Senate,48,6712,6,97.4
3,Senate,48,7564,6,96.6
3,Senate,48,7989,1,99.5
3,Senate,48,8070,1,4.7
3,Senate,48,8150,6,91.9
3,Senate,48,9028,9,58.3
3,Senate,48,9676,6,86.6
3,Senate,49,951,6,99.9
3,Senate,49,956,9,27.2
3,Senate,49,1118,1,99.6
3,Senate,49,1302,9,100.0
3,Senate,49,1346,9,100.0
3,Senate,49,1384,6,99.7
3,Senate,49,2866,9,100.0
3,Senate,49,2936,6,100.0
3,Senate,49,3315,6,100.0
3,Senate,49,3361,6,82.0
3,Senate,49,3877,1,72.6
3,Senate,49,4212,1,93.2
3,Senate,49,4333,6,37.0
3,Senate,49,4837,6,73.9
3,Senate,49,4854,1,96.3
3,Senate,49,5270,6,89.9
3,Senate,49,5449,9,83.9
3,Senate,49,5713,6,100.0
3,Senate,49,6012,1,99.4
3,Senate,49,6574,9,93.6
3,Senate,49,6712,6,74.9
3,Senate,49,7564,1,44.1
3,Senate,49,7989,1,85.6
3,Senate,49,8070,1,21.1
3,Senate,49,8150,6,85.9
3,Senate,49,9028,9,100.0
3,Senate,49,9676,6,90.5
3,Senate,50,951,1,39.5
3,Senate,50,956,9,62.9
3,Senate,50,1118,6,63.1
3,Senate,50,1302,9,64.0
3,Senate,50,1346,9,57.3
3,Senate,50,1384,1,41.8
3,Senate,50,2866,9,62.8
3,Senate,50,2936,1,38.4
3,Senate,50,3315,6,66.6
3,Senate,50,3361,6,48.8
3,Senate,50,3877,6,46.9
3,Senate,50,4212,6,56.8
3,Senate,50,4333,1,44.7
3,Senate,50,4837,1,50.7
3,Senate,50,4854,6,69.3
3,Senate,50,5270,6,51.9
3,Senate,50,5449,9,72.3
3,Senate,50,5713,6,65.4
3,Senate,50,6012,6,54.7
3,Senate,50,6574,9,N/A
3,Senate,50,6712,6,45.5
3,Senate,50,7564,1,54.4
3,Senate,50,7989,6,70.4
3,Senate,50,8070,6,47.0
3,Senate,50,8150,6,49.5
3,Senate,50,9028,9,N/A
3,Senate,50,9676,1,45.2
3,Senate,51,951,1,64.4
3,Senate,51,956,9,59.6
3,Senate,51,1118,6,93.9
3,Senate,51,1302,9,99.5
3,Senate,51,1346,9,94.1
3,Senate,51,1384,1,70.6
3,Senate,51,2866,9,99.4
3,Senate,51,2936,1,56.3
3,Senate,51,3315,6,63.5
3,Senate,51,3361,1,91.0
3,Senate,51,3877,1,90.8
3,Senate,51,4212,6,60.0
3,Senate,51,4333,1,67.1
3,Senate,51,4837,1,94.4
3,Senate,51,4854,6,98.2
3,Senate,51,5270,1,92.2
3,Senate,51,5449,9,99.2
3,Senate,51,5713,6,57.8
3,Senate,51,6012,6,68.9
3,Senate,51,6574,9,89.9
3,Senate,51,6712,1,97.4
3,Senate,51,7564,1,96.6
3,Senate,51,7989,6,99.5
3,Senate,51,8070,6,4.7
3,Senate,51,8150,1,91.9
3,Senate,51,9028,9,58.3
3,Senate,51,9676,1,86.6
3,Senate,52,951,1,32.9
3,Senate,52,956,9,97.7
3,Senate,52,1118,1,99.6
3,Senate,52,1302,9,95.6
3,Senate,52,1346,9,99.2
3,Senate,52,1384,6,71.4
3,Senate,52,2866,9,97.8
3,Senate,52,2936,6,78.1
3,Senate,52,3315,1,52.2
3,Senate,52,3361,1,51.8
3,Senate,52,3877,9,97.5
3,Senate,52,4212,1,99.3
3,Senate,52,4333,1,98.4
3,Senate,52,4837,1,90.5
3,Senate,52,4854,1,99.4
3,Senate,52,5270,1,77.8
3,Senate,52,5449,9,99.1
3,Senate,52,5713,6,59.2
3,Senate,52,6012,1,99.4
3,Senate,52,6574,9,61.4
3,Senate,52,6712,6,23.0
3,Senate,52,7564,1,93.2
3,Senate,52,7989,1,94.9
3,Senate,52,8070,6,36.0
3,Senate,52,8150,1,55.2
3,Senate,52,9028,9,19.5
3,Senate,52,9676,1,86.6
3,Senate,53,951,6,73.7
3,Senate,53,956,9,20.1
3,Senate,53,1118,1,45.0
3,Senate,53,1302,1,91.7
3,Senate,53,1346,9,53.6
3,Senate,53,1384,6,72.8
3,Senate,53,2866,9,86.1
3,Senate,53,2936,6,70.6
3,Senate,53,3315,6,71.2
3,Senate,53,3361,6,73.6
3,Senate,53,3877,6,90.7
3,Senate,53,4212,6,79.4
3,Senate,53,4333,6,86.1
3,Senate,53,4837,9,89.2
3,Senate,53,4854,1,56.6
3,Senate,53,5270,6,85.2
3,Senate,53,5449,9,65.6
3,Senate,53,5713,1,28.7
3,Senate,53,6012,6,74.3
3,Senate,53,6574,9,80.6
3,Senate,53,6712,1,14.8
3,Senate,53,7564,6,90.8
3,Senate,53,7989,1,86.2
3,Senate,53,8070,1,20.7
3,Senate,53,8150,6,76.6
3,Senate,53,9028,9,70.2
3,Senate,53,9676,6,86.4
3,Senate,54,951,1,92.8
3,Senate,54,956,9,25.7
3,Senate,54,1118,6,75.9
3,Senate,54,1302,6,99.0
3,Senate,54,1346,9,88.7
3,Senate,54,1384,1,90.0
3,Senate,54,2866,9,98.0
3,Senate,54,2936,1,94.8
3,Senate,54,3315,1,96.2
3,Senate,54,3361,6,31.2
3,Senate,54,3877,1,60.2
3,Senate,54,4212,1,46.6
3,Senate,54,4333,6,36.2
3,Senate,54,4837,9,73.6
3,Senate,54,4854,6,71.7
3,Senate,54,5270,1,79.1
3,Senate,54,5449,9,68.4
3,Senate,54,5713,1,96.4
3,Senate,54,6012,1,32.2
3,Senate,54,6574,9,79.9
3,Senate,54,6712,1,69.5
3,Senate,54,7564,6,32.2
3,Senate,54,7989,6,90.7
3,Senate,54,8070,1,68.9
3,Senate,54,8150,6,27.9
3,Senate,54,9028,9,94.2
3,Senate,54,9676,1,81.2
3,Senate,55,951,1,100.0
3,Senate,55,956,9,N/A
3,Senate,55,1118,1,55.9
3,Senate,55,1302,1,40.2
3,Senate,55,1346,9,N/A
3,Senate,55,1384,1,100.0
3,Senate,55,2866,9,N/A
3,Senate,55,2936,1,100.0
3,Senate,55,3315,1,100.0
3,Senate,55,3361,1,98.8
3,Senate,55,3877,6,41.3
3,Senate,55,4212,1,62.3
3,Senate,55,4333,1,84.3
3,Senate,55,4837,9,95.1
3,Senate,55,4854,6,19.1
3,Senate,55,5270,1,99.4
3,Senate,55,5449,9,N/A
3,Senate,55,5713,1,100.0
3,Senate,55,6012,6,66.4
3,Senate,55,6574,9,99.8
3,Senate,55,6712,1,94.6
3,Senate,55,7564,1,80.8
3,Senate,55,7989,9,N/A
3,Senate,55,8070,1,97.5
3,Senate,55,8150,1,99.3
3,Senate,55,9028,9,100.0
3,Senate,55,9676,1,99.4
3,Senate,56,951,1,99.9
3,Senate,56,956,9,1.0
3,Senate,56,1118,6,65.3
3,Senate,56,1302,6,100.0
3,Senate,56,1346,9,99.4
3,Senate,56,1384,1,99.5
3,Senate,56,2866,9,100.0
3,Senate,56,2936,1,100.0
3,Senate,56,3315,1,100.0
3,Senate,56,3361,1,83.0
3,Senate,56,3877,1,72.2
3,Senate,56,4212,9,35.6
3,Senate,56,4333,1,88.8
3,Senate,56,4837,9,92.4
3,Senate,56,4854,1,81.3
3,Senate,56,5270,1,96.2
3,Senate,56,5449,9,3.2
3,Senate,56,5713,1,100.0
3,Senate,56,6012,6,76.3
3,Senate,56,6574,9,96.0
3,Senate,56,6712,1,84.9
3,Senate,56,7564,1,83.8
3,Senate,56,7989,9,3.3
3,Senate,56,8070,6,16.5
3,Senate,56,8150,1,87.8
3,Senate,56,9028,9,99.9
3,Senate,56,9676,9,98.2
3,Senate,57,951,6,95.7
3,Senate,57,956,9,35.7
3,Senate,57,1118,9,94.7
3,Senate,57,1302,1,100.0
3,Senate,57,1346,9,99.2
3,Senate,57,1384,6,93.1
3,Senate,57,2866,9,100.0
3,Senate,57,2936,6,97.6
3,Senate,57,3315,6,98.5
3,Senate,57,3361,1,31.7
3,Senate,57,3877,1,56.8
3,Senate,57,4212,6,22.8
3,Senate,57,4333,1,53.4
3,Senate,57,4837,9,66.8
3,Senate,57,4854,1,90.2
3,Senate,57,5270,6,76.9
3,Senate,57,5449,9,83.7
3,Senate,57,5713,6,98.6
3,Senate,57,6012,1,90.4
3,Senate,57,6574,9,79.9
3,Senate,57,6712,6,65.7
3,Senate,57,7564,6,57.8
3,Senate,57,7989,9,94.5
3,Senate,57,8070,1,33.0
3,Senate,57,8150,9,71.6
3,Senate,57,9028,9,97.2
3,Senate,57,9676,6,78.1
3,Senate,58,951,6,99.8
3,Senate,58,956,9,32.6
3,Senate,58,1118,1,98.6
3,Senate,58,1302,1,100.0
3,Senate,58,1346,9,99.8
3,Senate,58,1384,6,99.6
3,Senate,58,2866,9,100.0
3,Senate,58,2936,6,99.9
3,Senate,58,3315,6,99.9
3,Senate,58,3361,6,85.6
3,Senate,58,3877,6,48.0
3,Senate,58,4212,1,83.4
3,Senate,58,4333,1,51.0
3,Senate,58,4837,9,81.3
3,Senate,58,4854,1,98.1
3,Senate,58,5270,6,92.0
3,Senate,58,5449,9,97.3
3,Senate,58,5713,6,99.9
3,Senate,58,6012,1,95.1
3,Senate,58,6574,9,94.8
3,Senate,58,6712,6,81.5
3,Senate,58,7564,6,70.1
3,Senate,58,7989,9,99.9
3,Senate,58,8070,1,16.4
3,Senate,58,8150,6,88.9
3,Senate,58,9028,9,99.9
3,Senate,58,9676,6,91.5
3,Senate,59,951,1,99.9
3,Senate,59,956,9,N/A
3,Senate,59,1118,6,57.9
3,Senate,59,1302,6,100.0
3,Senate,59,1346,9,N/A
3,Senate,59,1384,1,99.5
3,Senate,59,2866,9,N/A
3,Senate,59,2936,1,100.0
3,Senate,59,3315,1,100.0
3,Senate,59,3361,1,83.2
3,Senate,59,3877,1,79.2
3,Senate,59,4212,1,72.9
3,Senate,59,4333,1,92.1
3,Senate,59,4837,9,93.9
3,Senate,59,4854,1,83.7
3,Senate,59,5270,1,96.6
3,Senate,59,5449,9,N/A
3,Senate,59,5713,1,100.0
3,Senate,59,6012,6,66.7
3,Senate,59,6574,9,96.2
3,Senate,59,6712,1,86.3
3,Senate,59,7564,1,87.2
3,Senate,59,7989,9,N/A
3,Senate,59,8070,6,15.8
3,Senate,59,8150,1,88.1
3,Senate,59,9028,9,99.9
3,Senate,59,9676,1,98.5
3,Senate,60,951,6,97.1
3,Senate,60,956,9,33.1
3,Senate,60,1118,1,95.5
3,Senate,60,1302,1,100.0
3,Senate,60,1346,9,99.4
3,Senate,60,1384,6,95.0
3,Senate,60,2866,9,100.0
3,Senate,60,2936,6,98.6
3,Senate,60,3315,6,99.1
3,Senate,60,3361,1,29.5
3,Senate,60,3877,1,55.7
3,Senate,60,4212,6,22.4
3,Senate,60,4333,1,51.9
3,Senate,60,4837,9,69.4
3,Senate,60,4854,1,91.5
3,Senate,60,5270,6,79.8
3,Senate,60,5449,9,85.4
3,Senate,60,5713,6,99.2
3,Senate,60,6012,1,91.3
3,Senate,60,6574,9,82.7
3,Senate,60,6712,6,67.9
3,Senate,60,7564,6,59.8
3,Senate,60,7989,9,96.2
3,Senate,60,8070,1,30.8
3,Senate,60,8150,6,74.1
3,Senate,60,9028,9,98.3
3,Senate,60,9676,6,81.1
3,Senate,61,951,6,98.6
3,Senate,61,956,1,49.2
3,Senate,61,1118,1,99.7
3,Senate,61,1302,1,100.0
3,Senate,61,1346,9,99.4
3,Senate,61,1384,6,99.8
3,Senate,61,2866,1,100.0
3,Senate,61,2936,6,92.8
3,Senate,61,3315,6,40.2
3,Senate,61,3361,6,100.0
3,Senate,61,3877,9,0.1
3,Senate,61,4212,6,43.1
3,Senate,61,4333,9,92.4
3,Senate,61,4837,6,100.0
3,Senate,61,4854,1,100.0
3,Senate,61,5270,6,100.0
3,Senate,61,5449,1,100.0
3,Senate,61,5713,1,41.4
3,Senate,61,6012,1,75.7
3,Senate,61,6574,6,100.0
3,Senate,61,6712,6,100.0
3,Senate,61,7564,6,100.0
3,Senate,61,7989,1,100.0
3,Senate,61,8070,6,100.0
3,Senate,61,8150,6,100.0
3,Senate,61,9028,6,95.1
3,Senate,61,9676,9,100.0
3,Senate,62,951,6,100.0
3,Senate,62,956,6,100.0
3,Senate,62,1118,1,83.7
3,Senate,62,1302,9,100.0
3,Senate,62,1346,9,100.0
3,Senate,62,1384,6,100.0
3,Senate,62,2866,1,100.0
3,Senate,62,2936,6,100.0
3,Senate,62,3315,6,100.0
3,Senate,62,3361,6,100.0
3,Senate,62,3877,9,1.0
3,Senate,62,4212,6,82.0
3,Senate,62,4333,9,99.7
3,Senate,62,4837,6,100.0
3,Senate,62,4854,9,53.9
3,Senate,62,5270,6,100.0
3,Senate,62,5449,6,65.3
3,Senate,62,5713,6,100.0
3,Senate,62,6012,1,75.8
3,Senate,62,6574,6,100.0
3,Senate,62,6712,6,100.0
3,Senate,62,7564,6,100.0
3,Senate,62,7989,1,78.8
3,Senate,62,8070,6,100.0
3,Senate,62,8150,6,100.0
3,Senate,62,9028,6,100.0
3,Senate,62,9676,9,100.0
3,Senate,63,951,1,88.2
3,Senate,63,956,1,70.0
3,Senate,63,1118,6,53.2
3,Senate,63,1302,9,68.3
3,Senate,63,1346,9,53.9
3,Senate,63,1384,1,90.5
3,Senate,63,2866,1,34.9
3,Senate,63,2936,1,85.2
3,Senate,63,3315,1,72.4
3,Senate,63,3361,1,89.7
3,Senate,63,3877,9,20.3
3,Senate,63,4212,1,64.3
3,Senate,63,4333,9,75.1
3,Senate,63,4837,1,88.0
3,Senate,63,4854,9,63.1
3,Senate,63,5270,1,90.9
3,Senate,63,5449,6,72.1
3,Senate,63,5713,6,23.5
3,Senate,63,6012,6,40.9
3,Senate,63,6574,1,92.1
3,Senate,63,6712,1,89.6
3,Senate,63,7564,1,86.0
3,Senate,63,7989,6,85.2
3,Senate,63,8070,1,89.8
3,Senate,63,8150,6,9.0
3,Senate,63,9028,1,86.3
3,Senate,63,9676,9,88.4
3,Senate,64,951,1,85.9
3,Senate,64,956,6,43.4
3,Senate,64,1118,6,74.4
3,Senate,64,1302,6,88.0
3,Senate,64,1346,9,78.5
3,Senate,64,1384,1,85.0
3,Senate,64,2866,1,13.5
3,Senate,64,2936,1,87.7
3,Senate,64,3315,1,83.0
3,Senate,64,3361,6,30.0
3,Senate,64,3877,9,45.5
3,Senate,64,4212,1,40.5
3,Senate,64,4333,1,53.1
3,Senate,64,4837,1,67.3
3,Senate,64,4854,6,76.5
3,Senate,64,5270,1,73.8
3,Senate,64,5449,6,78.3
3,Senate,64,5713,1,85.4
3,Senate,64,6012,6,66.7
3,Senate,64,6574,1,76.6
3,Senate,64,6712,9,68.0
3,Senate,64,7564,6,37.4
3,Senate,64,7989,6,89.2
3,Senate,64,8070,1,69.0
3,Senate,64,8150,6,27.8
3,Senate,64,9028,1,87.7
3,Senate,64,9238,6,88.1
3,Senate,64,9676,9,72.5
3,Senate,65,951,6,99.5
3,Senate,65,956,6,69.2
3,Senate,65,1118,6,53.0
3,Senate,65,1302,9,48.1
3,Senate,65,1346,9,54.1
3,Senate,65,1384,6,99.5
3,Senate,65,2866,6,51.1
3,Senate,65,2936,6,99.9
3,Senate,65,3315,6,98.8
3,Senate,65,3361,9,31.3
3,Senate,65,3877,9,79.1
3,Senate,65,4212,1,55.1
3,Senate,65,4333,1,55.6
3,Senate,65,4837,6,27.1
3,Senate,65,4854,1,37.1
3,Senate,65,5270,6,50.6
3,Senate,65,5449,6,68.0
3,Senate,65,5713,6,99.4
3,Senate,65,6012,1,59.1
3,Senate,65,6574,6,69.9
3,Senate,65,6712,1,92.2
3,Senate,65,7564,1,86.2
3,Senate,65,7989,1,39.6
3,Senate,65,8070,1,88.1
3,Senate,65,8150,1,59.4
3,Senate,65,9028,6,99.9
3,Senate,65,9238,1,45.9
3,Senate,65,9676,9,60.8
3,Senate,66,951,1,69.7
3,Senate,66,956,1,83.1
3,Senate,66,1118,9,85.7
3,Senate,66,1302,6,26.3
3,Senate,66,1346,9,81.6
3,Senate,66,1384,1,63.7
3,Senate,66,2866,1,78.0
3,Senate,66,2936,1,72.2
3,Senate,66,3315,1,81.9
3,Senate,66,3361,6,68.1
3,Senate,66,3877,9,61.3
3,Senate,66,4212,1,80.7
3,Senate,66,4333,1,75.6
3,Senate,66,4837,1,52.5
3,Senate,66,4854,1,87.9
3,Senate,66,5270,9,51.1
3,Senate,66,5449,1,87.9
3,Senate,66,5713,6,20.3
3,Senate,66,6012,1,80.3
3,Senate,66,6574,6,51.8
3,Senate,66,6712,6,68.2
3,Senate,66,7564,6,51.9
3,Senate,66,7989,1,76.8
3,Senate,66,8070,1,29.6
3,Senate,66,8150,1,35.5
3,Senate,66,9028,6,29.5
3,Senate,66,9238,6,18.9
3,Senate,66,9676,9,62.8
3,Senate,67,951,1,69.7
3,Senate,67,956,1,83.1
3,Senate,67,1118,9,85.7
3,Senate,67,1302,6,26.3
3,Senate,67,1346,9,81.6
3,Senate,67,1384,1,63.7
3,Senate,67,2866,1,78.0
3,Senate,67,2936,1,72.2
3,Senate,67,3315,1,81.9
3,Senate,67,3361,6,68.1
3,Senate,67,3877,9,61.3
3,Senate,67,4212,1,80.7
3,Senate,67,4333,1,75.6
3,Senate,67,4837,1,52.5
3,Senate,67,4854,1,87.9
3,Senate,67,5270,9,51.1
3,Senate,67,5449,1,87.9
3,Senate,67,5713,6,20.3
3,Senate,67,6012,1,80.3
3,Senate,67,6574,6,51.8
3,Senate,67,6712,6,68.2
3,Senate,67,7564,6,51.9
3,Senate,67,7989,1,76.8
3,Senate,67,8070,1,29.6
3,Senate,67,8150,1,35.5
3,Senate,67,9028,6,29.5
3,Senate,67,9238,6,18.9
3,Senate,67,9676,9,62.8
3,Senate,68,951,1,89.1
3,Senate,68,956,1,61.3
3,Senate,68,1118,9,50.7
3,Senate,68,1302,6,49.5
3,Senate,68,1346,9,46.4
3,Senate,68,1384,1,89.8
3,Senate,68,2866,1,49.7
3,Senate,68,2936,1,90.7
3,Senate,68,3315,1,84.7
3,Senate,68,3361,9,61.8
3,Senate,68,3877,9,37.5
3,Senate,68,4212,1,47.6
3,Senate,68,4333,9,49.5
3,Senate,68,4837,9,47.2
3,Senate,68,4854,6,44.1
3,Senate,68,5270,1,61.6
3,Senate,68,5449,1,58.5
3,Senate,68,5713,6,13.2
3,Senate,68,6012,6,55.5
3,Senate,68,6574,6,28.5
3,Senate,68,6712,9,39.7
3,Senate,68,7564,6,63.1
3,Senate,68,7989,1,54.7
3,Senate,68,8070,9,48.3
3,Senate,68,8150,1,64.0
3,Senate,68,9028,9,91.2
3,Senate,68,9238,6,48.6
3,Senate,68,9676,9,62.8
3,Senate,69,951,6,56.5
3,Senate,69,956,1,100.0
3,Senate,69,1118,9,100.0
3,Senate,69,1302,1,99.9
3,Senate,69,1346,9,100.0
3,Senate,69,1384,1,14.2
3,Senate,69,2866,1,100.0
3,Senate,69,2936,6,75.7
3,Senate,69,3315,1,98.1
3,Senate,69,3361,6,75.7
3,Senate,69,3877,9,100.0
3,Senate,69,4212,1,100.0
3,Senate,69,4333,9,100.0
3,Senate,69,4837,1,100.0
3,Senate,69,4854,1,100.0
3,Senate,69,5270,1,99.6
3,Senate,69,5449,1,100.0
3,Senate,69,5713,1,90.6
3,Senate,69,6012,1,100.0
3,Senate,69,6574,1,82.2
3,Senate,69,6712,1,99.1
3,Senate,69,7564,1,100.0
3,Senate,69,7989,9,99.9
3,Senate,69,8070,6,22.1
3,Senate,69,8150,1,44.2
3,Senate,69,9028,6,86.5
3,Senate,69,9238,9,100.0
3,Senate,69,9676,1,100.0
3,Senate,70,951,1,69.0
3,Senate,70,956,6,95.4
3,Senate,70,1118,6,97.4
3,Senate,70,1302,6,85.4
3,Senate,70,1346,9,94.8
3,Senate,70,1384,1,79.8
3,Senate,70,2866,1,10.2
3,Senate,70,2936,1,73.1
3,Senate,70,3315,6,69.8
3,Senate,70,3361,1,76.7
3,Senate,70,3877,9,91.1
3,Senate,70,4212,6,96.6
3,Senate,70,4333,9,5.4
3,Senate,70,4837,6,77.5
3,Senate,70,4854,6,98.0
3,Senate,70,5270,1,41.5
3,Senate,70,5449,6,98.1
3,Senate,70,5713,6,57.9
3,Senate,70,6012,6,96.3
3,Senate,70,6574,1,62.2
3,Senate,70,6712,6,53.6
3,Senate,70,7564,6,81.6
3,Senate,70,7989,6,93.2
3,Senate,70,8070,6,36.2
3,Senate,70,8150,1,72.9
3,Senate,70,9028,1,77.9
3,Senate,70,9238,9,93.5
3,Senate,70,9676,6,74.8
3,Senate,71,951,1,99.9
3,Senate,71,956,6,28.7
3,Senate,71,1118,9,98.8
3,Senate,71,1302,6,100.0
3,Senate,71,1346,9,98.5
3,Senate,71,1384,1,100.0
3,Senate,71,2866,9,100.0
3,Senate,71,2936,1,99.3
3,Senate,71,3315,1,73.1
3,Senate,71,3361,9,100.0
3,Senate,71,3877,9,0.1
3,Senate,71,4212,1,55.0
3,Senate,71,4333,9,95.7
3,Senate,71,4837,9,100.0
3,Senate,71,4854,6,100.0
3,Senate,71,5270,1,100.0
3,Senate,71,5449,6,100.0
3,Senate,71,5713,9,86.8
3,Senate,71,6012,9,67.5
3,Senate,71,6574,9,100.0
3,Senate,71,6712,9,100.0
3,Senate,71,7564,1,100.0
3,Senate,71,7989,6,100.0
3,Senate,71,8070,1,100.0
3,Senate,71,8150,1,100.0
3,Senate,71,9028,1,99.6
3,Senate,71,9238,9,100.0
3,Senate,71,9676,1,100.0
3,Senate,72,951,1,97.9
3,Senate,72,956,6,23.7
3,Senate,72,1118,6,93.3
3,Senate,72,1302,6,100.0
3,Senate,72,1346,9,88.5
3,Senate,72,1384,1,99.6
3,Senate,72,2866,9,99.8
3,Senate,72,2936,1,88.7
3,Senate,72,3315,1,36.2
3,Senate,72,3361,9,100.0
3,Senate,72,3877,9,0.0
3,Senate,72,4212,1,81.2
3,Senate,72,4333,9,98.8
3,Senate,72,4837,1,100.0
3,Senate,72,4854,6,99.9
3,Senate,72,5270,1,100.0
3,Senate,72,5449,6,100.0
3,Senate,72,5713,6,48.0
3,Senate,72,6012,1,68.9
3,Senate,72,6574,9,100.0
3,Senate,72,6712,9,100.0
3,Senate,72,7564,1,100.0
3,Senate,72,7989,6,100.0
3,Senate,72,8070,9,100.0
3,Senate,72,8150,1,100.0
3,Senate,72,9028,1,91.8
3,Senate,72,9238,9,100.0
3,Senate,72,9676,1,100.0
3,Senate,73,951,1,94.4
3,Senate,73,956,6,52.8
3,Senate,73,1118,6,83.5
3,Senate,73,1302,6,87.1
3,Senate,73,1346,9,82.1
3,Senate,73,1384,1,96.2
3,Senate,73,2866,6,87.0
3,Senate,73,2936,1,94.0
3,Senate,73,3315,6,23.8
3,Senate,73,3361,1,92.8
3,Senate,73,3877,9,38.8
3,Senate,73,4212,1,34.1
3,Senate,73,4333,9,52.1
3,Senate,73,4837,1,81.7
3,Senate,73,4854,6,89.6
3,Senate,73,5270,1,90.2
3,Senate,73,5449,1,6.7
3,Senate,73,5713,1,83.3
3,Senate,73,6012,6,71.9
3,Senate,73,6574,1,94.0
3,Senate,73,6712,1,88.3
3,Senate,73,7564,6,23.3
3,Senate,73,7989,6,96.6
3,Senate,73,8070,1,91.1
3,Senate,73,8150,1,93.6
3,Senate,73,9028,1,95.0
3,Senate,73,9238,9,91.3
3,Senate,73,9676,1,84.5
3,Senate,74,951,6,93.0
3,Senate,74,956,1,100.0
3,Senate,74,1118,1,100.0
3,Senate,74,1302,1,100.0
3,Senate,74,1346,9,100.0
3,Senate,74,1384,6,99.7
3,Senate,74,2866,1,100.0
3,Senate,74,2936,6,91.9
3,Senate,74,3315,1,95.5
3,Senate,74,3361,6,100.0
3,Senate,74,3877,1,100.0
3,Senate,74,4212,1,100.0
3,Senate,74,4333,9,0.0
3,Senate,74,4837,1,91.1
3,Senate,74,4854,1,100.0
3,Senate,74,5270,6,70.9
3,Senate,74,5449,1,100.0
3,Senate,74,5494,9,99.7
3,Senate,74,5713,1,80.7
3,Senate,74,6012,1,100.0
3,Senate,74,6574,6,98.9
3,Senate,74,6712,9,92.1
3,Senate,74,7564,9,2.7
3,Senate,74,7989,1,100.0
3,Senate,74,8070,6,99.9
3,Senate,74,8150,9,100.0
3,Senate,74,9028,6,96.7
3,Senate,74,9238,9,100.0
3,Senate,74,9676,1,87.9
3,Senate,75,951,1,100.0
3,Senate,75,956,1,99.6
3,Senate,75,1118,1,87.6
3,Senate,75,1302,1,53.9
3,Senate,75,1346,9,79.0
3,Senate,75,1384,1,100.0
3,Senate,75,2866,9,60.0
3,Senate,75,2936,1,100.0
3,Senate,75,3315,1,99.8
3,Senate,75,3361,1,100.0
3,Senate,75,3877,1,100.0
3,Senate,75,4212,1,98.1
3,Senate,75,4333,9,99.9
3,Senate,75,4837,1,100.0
3,Senate,75,4854,6,16.3
3,Senate,75,5270,1,100.0
3,Senate,75,5449,1,78.6
3,Senate,75,5494,9,100.0
3,Senate,75,5713,1,99.9
3,Senate,75,6012,1,94.9
3,Senate,75,6574,1,100.0
3,Senate,75,6712,9,100.0
3,Senate,75,7564,9,100.0
3,Senate,75,7989,1,56.7
3,Senate,75,8070,1,100.0
3,Senate,75,8150,1,100.0
3,Senate,75,9028,1,100.0
3,Senate,75,9238,9,62.4
3,Senate,75,9676,1,100.0
3,Senate,76,951,6,62.8
3,Senate,76,956,9,93.7
3,Senate,76,1118,1,97.0
3,Senate,76,1302,1,80.8
3,Senate,76,1346,9,97.3
3,Senate,76,1384,6,61.4
3,Senate,76,2866,9,89.3
3,Senate,76,2936,6,76.3
3,Senate,76,3315,1,33.9
3,Senate,76,3361,1,72.8
3,Senate,76,3877,1,98.7
3,Senate,76,4212,9,98.4
3,Senate,76,4333,9,97.9
3,Senate,76,4837,1,95.6
3,Senate,76,4854,1,92.0
3,Senate,76,5270,6,12.0
3,Senate,76,5449,6,17.4
3,Senate,76,5494,9,73.3
3,Senate,76,5713,6,71.0
3,Senate,76,6012,1,98.7
3,Senate,76,6574,1,77.3
3,Senate,76,6712,1,91.2
3,Senate,76,7564,1,97.5
3,Senate,76,7989,1,53.6
3,Senate,76,8070,9,83.2
3,Senate,76,8150,1,75.5
3,Senate,76,9028,1,23.0
3,Senate,76,9238,9,88.2
3,Senate,76,9676,1,90.7
3,Senate,77,951,1,86.7
3,Senate,77,956,6,41.9
3,Senate,77,1118,9,64.8
3,Senate,77,1302,6,72.1
3,Senate,77,1346,9,63.8
3,Senate,77,1384,1,89.6
3,Senate,77,2866,1,29.2
3,Senate,77,2936,1,84.4
3,Senate,77,3315,1,67.8
3,Senate,77,3361,1,88.5
3,Senate,77,3877,6,30.4
3,Senate,77,4212,9,48.8
3,Senate,77,4333,9,63.4
3,Senate,77,4837,1,81.9
3,Senate,77,4854,6,72.9
3,Senate,77,5270,1,87.1
3,Senate,77,5449,9,79.4
3,Senate,77,5494,1,90.3
3,Senate,77,5713,6,26.9
3,Senate,77,6012,1,46.5
3,Senate,77,6574,1,89.8
3,Senate,77,6712,1,86.0
3,Senate,77,7564,1,79.0
3,Senate,77,7989,9,86.9
3,Senate,77,8070,6,12.4
3,Senate,77,8150,1,89.4
3,Senate,77,9028,1,85.8
3,Senate,77,9238,9,75.7
3,Senate,77,9676,1,82.8
3,Senate,78,951,1,98.0
3,Senate,78,956,1,86.9
3,Senate,78,1118,1,52.8
3,Senate,78,1302,1,20.3
3,Senate,78,1346,9,48.2
3,Senate,78,1384,1,98.3
3,Senate,78,2866,9,26.6
3,Senate,78,2936,1,97.2
3,Senate,78,3315,9,91.6
3,Senate,78,3361,1,95.8
3,Senate,78,3877,1,91.8
3,Senate,78,4212,6,21.7
3,Senate,78,4333,9,89.5
3,Senate,78,4837,1,96.8
3,Senate,78,4854,9,38.4
3,Senate,78,5270,1,98.0
3,Senate,78,5449,6,75.4
3,Senate,78,5494,1,98.3
3,Senate,78,5713,1,93.9
3,Senate,78,6012,6,29.7
3,Senate,78,6574,1,98.3
3,Senate,78,6712,9,96.5
3,Senate,78,7564,1,95.5
3,Senate,78,7989,9,4.3
3,Senate,78,8070,1,96.2
3,Senate,78,8150,1,97.0
3,Senate,78,9028,1,97.4
3,Senate,78,9238,9,21.0
3,Senate,78,9676,1,97.5
3,Senate,79,951,1,98.6
3,Senate,79,956,9,99.0
3,Senate,79,1118,1,92.1
3,Senate,79,1302,1,62.8
3,Senate,79,1346,9,84.2
3,Senate,79,1384,1,96.8
3,Senate,79,2866,9,69.1
3,Senate,79,2936,1,98.6
3,Senate,79,3315,9,99.4
3,Senate,79,3361,6,44.5
3,Senate,79,3877,1,98.0
3,Senate,79,4212,1,97.0
3,Senate,79,4333,9,98.6
3,Senate,79,4837,1,98.3
3,Senate,79,4854,6,8.1
3,Senate,79,5270,1,97.5
3,Senate,79,5449,9,90.4
3,Senate,79,5494,1,92.7
3,Senate,79,5713,1,99.3
3,Senate,79,6012,1,94.2
3,Senate,79,6574,1,94.3
3,Senate,79,6712,1,90.0
3,Senate,79,7564,1,97.8
3,Senate,79,7989,1,70.1
3,Senate,79,8070,9,74.2
3,Senate,79,8150,1,74.0
3,Senate,79,9028,1,98.2
3,Senate,79,9238,9,73.5
3,Senate,79,9676,1,99.0
